team,player,status,detail
ATL,Henri Veesaar,Out,Knee
ATL,Keshon Gilbert,Day-To-Day,Hip
ATL,Mouhamed Gueye,Day-To-Day,Foot
ATL,RayJ Dennis,Day-To-Day,Achilles
BKN,Mikel Brown Jr.,Day-To-Day,Ankle
CHA,Grant Williams,Day-To-Day,Hamstring
CHA,Kon Knueppel,Day-To-Day,Hamstring
CHA,PJ Hall,Day-To-Day,Ankle
CHI,Zach Collins,Day-To-Day,Toe
CLE,Peyton Watson,Day-To-Day,Hamstring
DAL,Dereck Lively II,Day-To-Day,Foot
DAL,Kyrie Irving,Day-To-Day,Knee
DAL,Morez Johnson Jr.,Day-To-Day,Lower Leg
DAL,Santi Aldama,Day-To-Day,Undisclosed
DEN,Jamal Murray,Day-To-Day,Personal
DEN,Spencer Jones,Day-To-Day,Hamstring
DET,Jalen Duren,Day-To-Day,Undisclosed
GSW,Jimmy Butler III,Out,Knee
GSW,Kristaps Porzingis,Day-To-Day,Undisclosed
GSW,Moses Moody,Out,Knee
IND,Johnny Furphy,Out,Knee
IND,Larry Nance Jr.,Day-To-Day,Hamstring
IND,Quenton Jackson,Day-To-Day,Undisclosed
IND,T.J. McConnell,Day-To-Day,Undisclosed
LAC,Bradley Beal,Day-To-Day,Knee
LAC,Brandon Ingram,Out,Achilles
LAC,Jordan Miller,Out,Shoulder
LAC,Kobe Sanders,Day-To-Day,Hip
LAC,Max Strus,Day-To-Day,Ankle
LAC,Yanic Konan Niederhauser,Out,Foot
MEM,Karim Lopez,Day-To-Day,Undisclosed
MEM,Micah Peavy,Day-To-Day,Ankle
MEM,Zach Edey,Day-To-Day,Ankle
MIA,Dru Smith,Day-To-Day,Calf
MIA,Keshad Johnson,Out,Hamstring
MIN,Donte DiVincenzo,Out,Achilles
NOP,Bryce McGowens,Day-To-Day,Toe
NYK,Drew Eubanks,Day-To-Day,Thumb
OKC,Nikola Topic,Day-To-Day,Back
OKC,Otega Oweh,Day-To-Day,Lower Leg
OKC,Thomas Sorber,Day-To-Day,Knee
ORL,Anthony Black,Day-To-Day,Ankle
ORL,Izaiyah Nelson,Out,Ankle
ORL,Jonathan Isaac,Day-To-Day,Knee
ORL,Noah Penda,Day-To-Day,Hamstring
PHI,Adem Bona,Day-To-Day,Foot
PHI,Tacko Fall,Day-To-Day,Hip
PHX,Mark Williams,Out,Shoulder
POR,Shaedon Sharpe,Out,Knee
SAS,David Jones Garcia,Day-To-Day,Ankle
SAS,Jayden Quaintance,Out,Knee
SAS,Tobias Harris,Day-To-Day,Calf
TOR,Alijah Martin,Day-To-Day,Knee
TOR,Allen Graves,Day-To-Day,Groin
TOR,Jamison Battle,Day-To-Day,Back
TOR,Kawhi Leonard,Day-To-Day,Not Injury Related
TOR,Kyle Anderson,Day-To-Day,Knee
TOR,Nate Bittle,Day-To-Day,Foot
TOR,Trayce Jackson-Davis,Day-To-Day,Undisclosed
UTA,Brice Sensabaugh,Day-To-Day,Hip
UTA,Josh Green,Day-To-Day,Knee
UTA,Kyle Filipowski,Day-To-Day,Back
WAS,Alex Sarr,Day-To-Day,Foot
WAS,Jamir Watkins,Out,Knee
WAS,Tristan Vukcevic,Out,Hip
