espn_id,player,team,position,age,experience,jersey,headshot,updated
4278039,Nickeil Alexander-Walker,ATL,G,28.0,7.0,7,https://a.espncdn.com/i/headshots/nba/players/full/4278039.png,2026-09-22 22:08 UTC
4869342,Dyson Daniels,ATL,G,23.0,4.0,5,https://a.espncdn.com/i/headshots/nba/players/full/4869342.png,2026-09-22 22:08 UTC
4431941,RayJ Dennis,ATL,G,25.0,2.0,10,https://a.espncdn.com/i/headshots/nba/players/full/4431941.png,2026-09-22 22:08 UTC
4397020,Luguentz Dort,ATL,G,27.0,7.0,0,https://a.espncdn.com/i/headshots/nba/players/full/4397020.png,2026-09-22 22:08 UTC
5106262,Zuby Ejiofor,ATL,F,22.0,0.0,20,https://a.espncdn.com/i/headshots/nba/players/full/5106262.png,2026-09-22 22:08 UTC
5149077,Kingston Flemings,ATL,G,19.0,0.0,4,https://a.espncdn.com/i/headshots/nba/players/full/5149077.png,2026-09-22 22:08 UTC
4585618,Keshon Gilbert,ATL,G,23.0,1.0,51,https://a.espncdn.com/i/headshots/nba/players/full/4585618.png,2026-09-22 22:08 UTC
4712863,Mouhamed Gueye,ATL,F,23.0,3.0,18,https://a.espncdn.com/i/headshots/nba/players/full/4712863.png,2026-09-22 22:08 UTC
2990984,Buddy Hield,ATL,G,33.0,10.0,8,https://a.espncdn.com/i/headshots/nba/players/full/2990984.png,2026-09-22 22:08 UTC
4701230,Jalen Johnson,ATL,F,24.0,5.0,1,https://a.espncdn.com/i/headshots/nba/players/full/4701230.png,2026-09-22 22:08 UTC
4280151,Corey Kispert,ATL,F,27.0,5.0,24,https://a.espncdn.com/i/headshots/nba/players/full/4280151.png,2026-09-22 22:08 UTC
3146557,Jock Landale,ATL,C,30.0,5.0,31,https://a.espncdn.com/i/headshots/nba/players/full/3146557.png,2026-09-22 22:08 UTC
2490149,CJ McCollum,ATL,G,35.0,13.0,3,https://a.espncdn.com/i/headshots/nba/players/full/2490149.png,2026-09-22 22:08 UTC
4433629,Ryan Nembhard,ATL,G,23.0,1.0,19,https://a.espncdn.com/i/headshots/nba/players/full/4433629.png,2026-09-22 22:08 UTC
4873201,Asa Newell,ATL,F,20.0,1.0,14,https://a.espncdn.com/i/headshots/nba/players/full/4873201.png,2026-09-22 22:08 UTC
4431680,Onyeka Okongwu,ATL,F,25.0,6.0,17,https://a.espncdn.com/i/headshots/nba/players/full/4431680.png,2026-09-22 22:08 UTC
5105571,Henri Veesaar,ATL,C,22.0,0.0,13,https://a.espncdn.com/i/headshots/nba/players/full/5105571.png,2026-09-22 22:08 UTC
4397183,Aaron Wiggins,ATL,G,27.0,5.0,2,https://a.espncdn.com/i/headshots/nba/players/full/4397183.png,2026-09-22 22:08 UTC
4431714,Jalen Wilson,ATL,F,25.0,3.0,12,https://a.espncdn.com/i/headshots/nba/players/full/4431714.png,2026-09-22 22:08 UTC
5142621,Chris Cenac Jr.,BOS,F,19.0,0.0,12,https://a.espncdn.com/i/headshots/nba/players/full/5142621.png,2026-09-22 22:08 UTC
3195,Mike Conley,BOS,G,38.0,19.0,45,https://a.espncdn.com/i/headshots/nba/players/full/3195.png,2026-09-22 22:08 UTC
4277951,Luka Garza,BOS,C,27.0,5.0,52,https://a.espncdn.com/i/headshots/nba/players/full/4277951.png,2026-09-22 22:08 UTC
4251,Paul George,BOS,F,36.0,16.0,13,https://a.espncdn.com/i/headshots/nba/players/full/4251.png,2026-09-22 22:08 UTC
5175647,Hugo Gonzalez,BOS,G,20.0,1.0,28,https://a.espncdn.com/i/headshots/nba/players/full/5175647.png,2026-09-22 22:08 UTC
4397251,Ron Harper Jr.,BOS,G,26.0,4.0,8,https://a.espncdn.com/i/headshots/nba/players/full/4397251.png,2026-09-22 22:08 UTC
4065804,Sam Hauser,BOS,F,28.0,5.0,30,https://a.espncdn.com/i/headshots/nba/players/full/4065804.png,2026-09-22 22:08 UTC
5106283,Dillon Mitchell,BOS,F,22.0,0.0,,https://a.espncdn.com/i/headshots/nba/players/full/5106283.png,2026-09-22 22:08 UTC
4066354,Payton Pritchard,BOS,G,28.0,6.0,11,https://a.espncdn.com/i/headshots/nba/players/full/4066354.png,2026-09-22 22:08 UTC
4397424,Neemias Queta,BOS,C,27.0,5.0,88,https://a.espncdn.com/i/headshots/nba/players/full/4397424.png,2026-09-22 22:08 UTC
4351852,Mitchell Robinson,BOS,C,28.0,8.0,4,https://a.espncdn.com/i/headshots/nba/players/full/4351852.png,2026-09-22 22:08 UTC
4593841,Baylor Scheierman,BOS,G,25.0,2.0,55,https://a.espncdn.com/i/headshots/nba/players/full/4593841.png,2026-09-22 22:08 UTC
4065648,Jayson Tatum,BOS,F,28.0,9.0,0,https://a.espncdn.com/i/headshots/nba/players/full/4065648.png,2026-09-22 22:08 UTC
4683689,Jordan Walsh,BOS,G,22.0,3.0,27,https://a.espncdn.com/i/headshots/nba/players/full/4683689.png,2026-09-22 22:08 UTC
3078576,Derrick White,BOS,G,32.0,9.0,9,https://a.espncdn.com/i/headshots/nba/players/full/3078576.png,2026-09-22 22:08 UTC
4702745,Amari Williams,BOS,F,24.0,1.0,77,https://a.espncdn.com/i/headshots/nba/players/full/4702745.png,2026-09-22 22:08 UTC
5105626,Tyler Bilodeau,BKN,F,22.0,0.0,34,https://a.espncdn.com/i/headshots/nba/players/full/5105626.png,2026-09-22 22:08 UTC
5101761,Mikel Brown Jr.,BKN,G,20.0,0.0,0,https://a.espncdn.com/i/headshots/nba/players/full/5101761.png,2026-09-22 22:08 UTC
4712896,Noah Clowney,BKN,F,22.0,3.0,21,https://a.espncdn.com/i/headshots/nba/players/full/4712896.png,2026-09-22 22:08 UTC
5175643,Egor Demin,BKN,G,20.0,1.0,8,https://a.espncdn.com/i/headshots/nba/players/full/5175643.png,2026-09-22 22:08 UTC
4702177,Keon Ellis,BKN,G,26.0,4.0,,https://a.espncdn.com/i/headshots/nba/players/full/4702177.png,2026-09-22 22:08 UTC
4432887,Tyson Etienne,BKN,G,27.0,2.0,10,https://a.espncdn.com/i/headshots/nba/players/full/4432887.png,2026-09-22 22:08 UTC
4870564,Joshua Jefferson,BKN,F,22.0,0.0,,https://a.espncdn.com/i/headshots/nba/players/full/4870564.png,2026-09-22 22:08 UTC
5174655,Chaney Johnson,BKN,F,24.0,1.0,31,https://a.espncdn.com/i/headshots/nba/players/full/5174655.png,2026-09-22 22:08 UTC
4432821,E.J. Liddell,BKN,F,25.0,3.0,9,https://a.espncdn.com/i/headshots/nba/players/full/4432821.png,2026-09-22 22:08 UTC
3907823,Terance Mann,BKN,G,29.0,7.0,14,https://a.espncdn.com/i/headshots/nba/players/full/3907823.png,2026-09-22 22:08 UTC
4687718,Josh Minott,BKN,F,23.0,4.0,00,https://a.espncdn.com/i/headshots/nba/players/full/4687718.png,2026-09-22 22:08 UTC
4278104,Michael Porter Jr.,BKN,F,28.0,7.0,17,https://a.espncdn.com/i/headshots/nba/players/full/4278104.png,2026-09-22 22:08 UTC
5037873,Drake Powell,BKN,G,21.0,1.0,4,https://a.espncdn.com/i/headshots/nba/players/full/5037873.png,2026-09-22 22:08 UTC
3064514,Julius Randle,BKN,F,31.0,12.0,30,https://a.espncdn.com/i/headshots/nba/players/full/3064514.png,2026-09-22 22:08 UTC
5242502,Ben Saraf,BKN,G,20.0,1.0,77,https://a.espncdn.com/i/headshots/nba/players/full/5242502.png,2026-09-22 22:08 UTC
4432194,Day'Ron Sharpe,BKN,C,24.0,5.0,20,https://a.espncdn.com/i/headshots/nba/players/full/4432194.png,2026-09-22 22:08 UTC
5279130,Nolan Traore,BKN,G,20.0,1.0,13,https://a.espncdn.com/i/headshots/nba/players/full/5279130.png,2026-09-22 22:08 UTC
3150844,Moritz Wagner,BKN,F,29.0,8.0,,https://a.espncdn.com/i/headshots/nba/players/full/3150844.png,2026-09-22 22:08 UTC
5107173,Danny Wolf,BKN,F,22.0,1.0,2,https://a.espncdn.com/i/headshots/nba/players/full/5107173.png,2026-09-22 22:08 UTC
3135045,Grayson Allen,CHA,G,30.0,8.0,,https://a.espncdn.com/i/headshots/nba/players/full/3135045.png,2026-09-22 22:08 UTC
5060701,Christian Anderson,CHA,G,20.0,0.0,,https://a.espncdn.com/i/headshots/nba/players/full/5060701.png,2026-09-22 22:08 UTC
2578239,Pat Connaughton,CHA,G,33.0,11.0,21,https://a.espncdn.com/i/headshots/nba/players/full/2578239.png,2026-09-22 22:08 UTC
4433249,Moussa Diabate,CHA,F,24.0,4.0,14,https://a.espncdn.com/i/headshots/nba/players/full/4433249.png,2026-09-22 22:08 UTC
2578185,Dorian Finney-Smith,CHA,F,33.0,10.0,,https://a.espncdn.com/i/headshots/nba/players/full/2578185.png,2026-09-22 22:08 UTC
4701225,PJ Hall,CHA,C,24.0,2.0,16,https://a.espncdn.com/i/headshots/nba/players/full/4701225.png,2026-09-22 22:08 UTC
4602025,Sion James,CHA,G,23.0,1.0,4,https://a.espncdn.com/i/headshots/nba/players/full/4602025.png,2026-09-22 22:08 UTC
4576060,Ryan Kalkbrenner,CHA,C,24.0,1.0,11,https://a.espncdn.com/i/headshots/nba/players/full/4576060.png,2026-09-22 22:08 UTC
5061575,Kon Knueppel,CHA,G,21.0,1.0,7,https://a.espncdn.com/i/headshots/nba/players/full/5061575.png,2026-09-22 22:08 UTC
5239590,Liam McNeeley,CHA,G,20.0,1.0,33,https://a.espncdn.com/i/headshots/nba/players/full/5239590.png,2026-09-22 22:08 UTC
4433287,Brandon Miller,CHA,F,23.0,3.0,24,https://a.espncdn.com/i/headshots/nba/players/full/4433287.png,2026-09-22 22:08 UTC
2583632,Royce O'Neale,CHA,F,33.0,9.0,,https://a.espncdn.com/i/headshots/nba/players/full/2583632.png,2026-09-22 22:08 UTC
4396971,Naz Reid,CHA,C,27.0,7.0,,https://a.espncdn.com/i/headshots/nba/players/full/4396971.png,2026-09-22 22:08 UTC
5211176,Tidjane Salaun,CHA,F,21.0,2.0,31,https://a.espncdn.com/i/headshots/nba/players/full/5211176.png,2026-09-22 22:08 UTC
3032979,Dennis Schroder,CHA,G,33.0,14.0,,https://a.espncdn.com/i/headshots/nba/players/full/3032979.png,2026-09-22 22:08 UTC
5281370,Hannes Steinbach,CHA,F,20.0,0.0,,https://a.espncdn.com/i/headshots/nba/players/full/5281370.png,2026-09-22 22:08 UTC
4395651,Coby White,CHA,G,26.0,7.0,3,https://a.espncdn.com/i/headshots/nba/players/full/4395651.png,2026-09-22 22:08 UTC
4066218,Grant Williams,CHA,F,27.0,7.0,2,https://a.espncdn.com/i/headshots/nba/players/full/4066218.png,2026-09-22 22:08 UTC
5105555,Tobe Awaka,CHI,F,22.0,0.0,,,2026-09-22 22:08 UTC
4711294,Matas Buzelis,CHI,F,21.0,2.0,14,https://a.espncdn.com/i/headshots/nba/players/full/4711294.png,2026-09-22 22:08 UTC
4278067,Nic Claxton,CHI,C,27.0,7.0,,https://a.espncdn.com/i/headshots/nba/players/full/4278067.png,2026-09-22 22:08 UTC
4066650,Zach Collins,CHI,F,28.0,9.0,12,https://a.espncdn.com/i/headshots/nba/players/full/4066650.png,2026-09-22 22:08 UTC
4684275,Rob Dillingham,CHI,G,21.0,2.0,7,https://a.espncdn.com/i/headshots/nba/players/full/4684275.png,2026-09-22 22:08 UTC
5242496,Noa Essengue,CHI,F,19.0,1.0,24,https://a.espncdn.com/i/headshots/nba/players/full/5242496.png,2026-09-22 22:08 UTC
4871145,Josh Giddey,CHI,G,23.0,5.0,3,https://a.espncdn.com/i/headshots/nba/players/full/4871145.png,2026-09-22 22:08 UTC
4395626,Tre Jones,CHI,G,26.0,6.0,30,https://a.espncdn.com/i/headshots/nba/players/full/4395626.png,2026-09-22 22:08 UTC
4397071,Mac McClung,CHI,G,27.0,4.0,5,https://a.espncdn.com/i/headshots/nba/players/full/4397071.png,2026-09-22 22:08 UTC
5044385,Leonard Miller,CHI,F,22.0,3.0,11,https://a.espncdn.com/i/headshots/nba/players/full/5044385.png,2026-09-22 22:08 UTC
4432822,Isaac Okoro,CHI,F,25.0,6.0,35,https://a.espncdn.com/i/headshots/nba/players/full/4432822.png,2026-09-22 22:08 UTC
2595516,Norman Powell,CHI,G,33.0,11.0,,https://a.espncdn.com/i/headshots/nba/players/full/2595516.png,2026-09-22 22:08 UTC
4397189,Jalen Smith,CHI,F,26.0,6.0,25,https://a.espncdn.com/i/headshots/nba/players/full/4397189.png,2026-09-22 22:08 UTC
4848625,Dailyn Swain,CHI,G,21.0,0.0,5,https://a.espncdn.com/i/headshots/nba/players/full/4848625.png,2026-09-22 22:08 UTC
4431687,Patrick Williams,CHI,F,25.0,6.0,44,https://a.espncdn.com/i/headshots/nba/players/full/4431687.png,2026-09-22 22:08 UTC
5095151,Caleb Wilson,CHI,F,20.0,0.0,8,https://a.espncdn.com/i/headshots/nba/players/full/5095151.png,2026-09-22 22:08 UTC
4017844,Guerschon Yabusele,CHI,F,30.0,4.0,28,https://a.espncdn.com/i/headshots/nba/players/full/4017844.png,2026-09-22 22:08 UTC
4066328,Jarrett Allen,CLE,C,28.0,9.0,31,https://a.espncdn.com/i/headshots/nba/players/full/4066328.png,2026-09-22 22:08 UTC
3934723,Thomas Bryant,CLE,C,29.0,9.0,3,https://a.espncdn.com/i/headshots/nba/players/full/3934723.png,2026-09-22 22:08 UTC
4997530,Khalifa Diop,CLE,C,24.0,0.0,18,,2026-09-22 22:08 UTC
4431734,Tristan Enaruna,CLE,F,25.0,1.0,21,https://a.espncdn.com/i/headshots/nba/players/full/4431734.png,2026-09-22 22:08 UTC
3992,James Harden,CLE,G,37.0,17.0,1,https://a.espncdn.com/i/headshots/nba/players/full/3992.png,2026-09-22 22:08 UTC
2995706,Mario Hezonja,CLE,F,31.0,6.0,33,https://a.espncdn.com/i/headshots/nba/players/full/2995706.png,2026-09-22 22:08 UTC
4066757,Sam Merrill,CLE,G,30.0,6.0,5,https://a.espncdn.com/i/headshots/nba/players/full/4066757.png,2026-09-22 22:08 UTC
5177362,Riley Minix,CLE,F,25.0,2.0,12,https://a.espncdn.com/i/headshots/nba/players/full/5177362.png,2026-09-22 22:08 UTC
3908809,Donovan Mitchell,CLE,G,30.0,9.0,45,https://a.espncdn.com/i/headshots/nba/players/full/3908809.png,2026-09-22 22:08 UTC
4432158,Evan Mobley,CLE,C,25.0,5.0,4,https://a.espncdn.com/i/headshots/nba/players/full/4432158.png,2026-09-22 22:08 UTC
4701233,Craig Porter Jr.,CLE,G,26.0,3.0,9,https://a.espncdn.com/i/headshots/nba/players/full/4701233.png,2026-09-22 22:08 UTC
5023693,Tyrese Proctor,CLE,G,22.0,1.0,24,https://a.espncdn.com/i/headshots/nba/players/full/5023693.png,2026-09-22 22:08 UTC
4278046,Olivier Sarr,CLE,F,27.0,4.0,33,https://a.espncdn.com/i/headshots/nba/players/full/4278046.png,2026-09-22 22:08 UTC
5041951,Meleek Thomas,CLE,G,20.0,0.0,,https://a.espncdn.com/i/headshots/nba/players/full/5041951.png,2026-09-22 22:08 UTC
5106268,Nae'Qwan Tomlin,CLE,F,25.0,2.0,35,https://a.espncdn.com/i/headshots/nba/players/full/5106268.png,2026-09-22 22:08 UTC
4683747,Jaylon Tyson,CLE,G,23.0,2.0,20,https://a.espncdn.com/i/headshots/nba/players/full/4683747.png,2026-09-22 22:08 UTC
5106261,Ernest Udeh Jr.,CLE,C,22.0,0.0,,,2026-09-22 22:08 UTC
4576087,Peyton Watson,CLE,G,24.0,5.0,,https://a.espncdn.com/i/headshots/nba/players/full/4576087.png,2026-09-22 22:08 UTC
4593125,Santi Aldama,DAL,F,25.0,5.0,,https://a.espncdn.com/i/headshots/nba/players/full/4593125.png,2026-09-22 22:08 UTC
5148538,Tarik Biberovic,DAL,F,25.0,0.0,,https://a.espncdn.com/i/headshots/nba/players/full/5148538.png,2026-09-22 22:08 UTC
4432582,Max Christie,DAL,G,23.0,4.0,00,https://a.espncdn.com/i/headshots/nba/players/full/4432582.png,2026-09-22 22:08 UTC
4701208,Moussa Cisse,DAL,C,24.0,1.0,30,https://a.espncdn.com/i/headshots/nba/players/full/4701208.png,2026-09-22 22:08 UTC
5279129,Sergio de Larrea,DAL,F,20.0,0.0,55,,2026-09-22 22:08 UTC
5041939,Cooper Flagg,DAL,F,19.0,1.0,32,https://a.espncdn.com/i/headshots/nba/players/full/5041939.png,2026-09-22 22:08 UTC
4278049,Daniel Gafford,DAL,F,27.0,7.0,21,https://a.espncdn.com/i/headshots/nba/players/full/4278049.png,2026-09-22 22:08 UTC
5105806,Jett Howard,DAL,G,23.0,3.0,,https://a.espncdn.com/i/headshots/nba/players/full/5105806.png,2026-09-22 22:08 UTC
6442,Kyrie Irving,DAL,G,34.0,14.0,11,https://a.espncdn.com/i/headshots/nba/players/full/6442.png,2026-09-22 22:08 UTC
5358755,Vsevolod Ishchenko,DAL,G,21.0,0.0,,,2026-09-22 22:08 UTC
4873153,Morez Johnson Jr.,DAL,F,20.0,0.0,14,https://a.espncdn.com/i/headshots/nba/players/full/4873153.png,2026-09-22 22:08 UTC
5106040,Tobi Lawal,DAL,F,23.0,0.0,,https://a.espncdn.com/i/headshots/nba/players/full/5106040.png,2026-09-22 22:08 UTC
4683688,Dereck Lively II,DAL,C,22.0,3.0,2,https://a.espncdn.com/i/headshots/nba/players/full/4683688.png,2026-09-22 22:08 UTC
4278594,Naji Marshall,DAL,F,28.0,6.0,3,https://a.espncdn.com/i/headshots/nba/players/full/4278594.png,2026-09-22 22:08 UTC
3138160,Caleb Martin,DAL,F,30.0,7.0,16,https://a.espncdn.com/i/headshots/nba/players/full/3138160.png,2026-09-22 22:08 UTC
4898238,John Poulakidas,DAL,G,23.0,1.0,1,,2026-09-22 22:08 UTC
5211175,Zaccharie Risacher,DAL,F,21.0,2.0,10,https://a.espncdn.com/i/headshots/nba/players/full/5211175.png,2026-09-22 22:08 UTC
4432107,Marcus Sasser,DAL,G,26.0,3.0,25,https://a.espncdn.com/i/headshots/nba/players/full/4432107.png,2026-09-22 22:08 UTC
4278078,P.J. Washington,DAL,F,28.0,7.0,25,https://a.espncdn.com/i/headshots/nba/players/full/4278078.png,2026-09-22 22:08 UTC
4277848,Marvin Bagley III,DEN,F,27.0,8.0,35,https://a.espncdn.com/i/headshots/nba/players/full/4277848.png,2026-09-22 22:08 UTC
4431767,Christian Braun,DEN,G,25.0,4.0,0,https://a.espncdn.com/i/headshots/nba/players/full/4431767.png,2026-09-22 22:08 UTC
4698719,Trevon Brazile,DEN,F,23.0,0.0,,https://a.espncdn.com/i/headshots/nba/players/full/4698719.png,2026-09-22 22:08 UTC
3978,DeMar DeRozan,DEN,G,37.0,16.0,,https://a.espncdn.com/i/headshots/nba/players/full/3978.png,2026-09-22 22:08 UTC
4065813,Alpha Diallo,DEN,F,29.0,0.0,,,2026-09-22 22:08 UTC
3064290,Aaron Gordon,DEN,F,31.0,12.0,32,https://a.espncdn.com/i/headshots/nba/players/full/3064290.png,2026-09-22 22:08 UTC
4433607,DaRon Holmes II,DEN,F,24.0,1.0,14,https://a.espncdn.com/i/headshots/nba/players/full/4433607.png,2026-09-22 22:08 UTC
4565698,Bryce Hopkins,DEN,F,24.0,0.0,,https://a.espncdn.com/i/headshots/nba/players/full/4565698.png,2026-09-22 22:08 UTC
3138196,Cameron Johnson,DEN,F,30.0,7.0,23,https://a.espncdn.com/i/headshots/nba/players/full/3138196.png,2026-09-22 22:08 UTC
3112335,Nikola Jokic,DEN,C,31.0,11.0,15,https://a.espncdn.com/i/headshots/nba/players/full/3112335.png,2026-09-22 22:08 UTC
4592427,Spencer Jones,DEN,F,25.0,2.0,21,https://a.espncdn.com/i/headshots/nba/players/full/4592427.png,2026-09-22 22:08 UTC
3135046,Tyus Jones,DEN,G,30.0,11.0,5,https://a.espncdn.com/i/headshots/nba/players/full/3135046.png,2026-09-22 22:08 UTC
3936299,Jamal Murray,DEN,G,29.0,10.0,27,https://a.espncdn.com/i/headshots/nba/players/full/3936299.png,2026-09-22 22:08 UTC
4431690,Zeke Nnaji,DEN,F,25.0,6.0,22,https://a.espncdn.com/i/headshots/nba/players/full/4431690.png,2026-09-22 22:08 UTC
4593041,David Roddy,DEN,F,25.0,4.0,45,https://a.espncdn.com/i/headshots/nba/players/full/4593041.png,2026-09-22 22:08 UTC
4683834,KJ Simpson,DEN,G,24.0,2.0,25,https://a.espncdn.com/i/headshots/nba/players/full/4683834.png,2026-09-22 22:08 UTC
4432181,Julian Strawther,DEN,G,24.0,3.0,3,https://a.espncdn.com/i/headshots/nba/players/full/4432181.png,2026-09-22 22:08 UTC
4277890,Lonnie Walker IV,DEN,G,27.0,6.0,,https://a.espncdn.com/i/headshots/nba/players/full/4277890.png,2026-09-22 22:08 UTC
5105592,Cam Whitmore,DEN,F,22.0,4.0,,https://a.espncdn.com/i/headshots/nba/players/full/5105592.png,2026-09-22 22:08 UTC
3908845,John Collins,DET,F,28.0,9.0,,https://a.espncdn.com/i/headshots/nba/players/full/3908845.png,2026-09-22 22:08 UTC
4432166,Cade Cunningham,DET,G,24.0,5.0,2,https://a.espncdn.com/i/headshots/nba/players/full/4432166.png,2026-09-22 22:08 UTC
4433621,Jalen Duren,DET,C,22.0,4.0,0,https://a.espncdn.com/i/headshots/nba/players/full/4433621.png,2026-09-22 22:08 UTC
2596112,Javonte Green,DET,G,33.0,7.0,31,https://a.espncdn.com/i/headshots/nba/players/full/2596112.png,2026-09-22 22:08 UTC
4397449,Elijah Harkless,DET,G,26.0,2.0,,https://a.espncdn.com/i/headshots/nba/players/full/4397449.png,2026-09-22 22:08 UTC
2999547,Gary Harris,DET,G,32.0,12.0,,https://a.espncdn.com/i/headshots/nba/players/full/2999547.png,2026-09-22 22:08 UTC
4683771,Ronald Holland II,DET,F,21.0,2.0,5,https://a.espncdn.com/i/headshots/nba/players/full/4683771.png,2026-09-22 22:08 UTC
4066372,Kevin Huerter,DET,G,28.0,8.0,27,https://a.espncdn.com/i/headshots/nba/players/full/4066372.png,2026-09-22 22:08 UTC
5107199,Daniss Jenkins,DET,G,25.0,2.0,24,https://a.espncdn.com/i/headshots/nba/players/full/5107199.png,2026-09-22 22:08 UTC
4395702,Isaiah Joe,DET,G,27.0,6.0,,https://a.espncdn.com/i/headshots/nba/players/full/4395702.png,2026-09-22 22:08 UTC
5107818,Isaac Jones,DET,C,26.0,2.0,3,https://a.espncdn.com/i/headshots/nba/players/full/5107818.png,2026-09-22 22:08 UTC
4700852,Chaz Lanier,DET,G,24.0,1.0,20,https://a.espncdn.com/i/headshots/nba/players/full/4700852.png,2026-09-22 22:08 UTC
4592187,Wendell Moore Jr.,DET,F,25.0,4.0,14,https://a.espncdn.com/i/headshots/nba/players/full/4592187.png,2026-09-22 22:08 UTC
5258459,Ebuka Okorie,DET,G,19.0,0.0,,https://a.espncdn.com/i/headshots/nba/players/full/5258459.png,2026-09-22 22:08 UTC
5037878,Ugonna Onyenso,DET,C,21.0,0.0,,https://a.espncdn.com/i/headshots/nba/players/full/5037878.png,2026-09-22 22:08 UTC
2990962,Taurean Prince,DET,F,32.0,10.0,12,https://a.espncdn.com/i/headshots/nba/players/full/2990962.png,2026-09-22 22:08 UTC
4278562,Paul Reed,DET,F,27.0,6.0,7,https://a.espncdn.com/i/headshots/nba/players/full/4278562.png,2026-09-22 22:08 UTC
3157465,Duncan Robinson,DET,F,32.0,8.0,55,https://a.espncdn.com/i/headshots/nba/players/full/3157465.png,2026-09-22 22:08 UTC
4397882,Tolu Smith,DET,F,26.0,2.0,35,https://a.espncdn.com/i/headshots/nba/players/full/4397882.png,2026-09-22 22:08 UTC
4684742,Ausar Thompson,DET,G,23.0,3.0,9,https://a.espncdn.com/i/headshots/nba/players/full/4684742.png,2026-09-22 22:08 UTC
4397886,Charles Bassey,GSW,C,25.0,5.0,28,https://a.espncdn.com/i/headshots/nba/players/full/4397886.png,2026-09-22 22:08 UTC
6430,Jimmy Butler III,GSW,F,37.0,15.0,10,https://a.espncdn.com/i/headshots/nba/players/full/6430.png,2026-09-22 22:08 UTC
4433149,LJ Cryer,GSW,G,24.0,1.0,18,https://a.espncdn.com/i/headshots/nba/players/full/4433149.png,2026-09-22 22:08 UTC
3975,Stephen Curry,GSW,G,38.0,17.0,30,https://a.espncdn.com/i/headshots/nba/players/full/3975.png,2026-09-22 22:08 UTC
6589,Draymond Green,GSW,F,36.0,14.0,23,https://a.espncdn.com/i/headshots/nba/players/full/6589.png,2026-09-22 22:08 UTC
3213,Al Horford,GSW,C,40.0,19.0,20,https://a.espncdn.com/i/headshots/nba/players/full/3213.png,2026-09-22 22:08 UTC
5108969,Lajae Jones,GSW,G,22.0,0.0,,https://a.espncdn.com/i/headshots/nba/players/full/5108969.png,2026-09-22 22:08 UTC
5175737,Yaxel Lendeborg,GSW,F,23.0,0.0,,https://a.espncdn.com/i/headshots/nba/players/full/5175737.png,2026-09-22 22:08 UTC
4897449,Malevy Leons,GSW,F,26.0,2.0,33,https://a.espncdn.com/i/headshots/nba/players/full/4897449.png,2026-09-22 22:08 UTC
4066436,De'Anthony Melton,GSW,G,28.0,8.0,8,https://a.espncdn.com/i/headshots/nba/players/full/4066436.png,2026-09-22 22:08 UTC
4432171,Moses Moody,GSW,G,24.0,5.0,4,https://a.espncdn.com/i/headshots/nba/players/full/4432171.png,2026-09-22 22:08 UTC
2990969,Georges Niang,GSW,F,33.0,9.0,31,https://a.espncdn.com/i/headshots/nba/players/full/2990969.png,2026-09-22 22:08 UTC
3134903,Gary Payton II,GSW,G,33.0,10.0,0,https://a.espncdn.com/i/headshots/nba/players/full/3134903.png,2026-09-22 22:08 UTC
4709138,Brandin Podziemski,GSW,G,23.0,3.0,2,https://a.espncdn.com/i/headshots/nba/players/full/4709138.png,2026-09-22 22:08 UTC
3102531,Kristaps Porzingis,GSW,C,31.0,11.0,7,https://a.espncdn.com/i/headshots/nba/players/full/3102531.png,2026-09-22 22:08 UTC
4897262,Will Richard,GSW,G,23.0,1.0,3,https://a.espncdn.com/i/headshots/nba/players/full/4897262.png,2026-09-22 22:08 UTC
4997536,Gui Santos,GSW,F,24.0,3.0,15,https://a.espncdn.com/i/headshots/nba/players/full/4997536.png,2026-09-22 22:08 UTC
52131,Brandon Williams,GSW,G,,,,,2026-09-22 22:08 UTC
4397821,Nate Williams,GSW,G,27.0,4.0,19,https://a.espncdn.com/i/headshots/nba/players/full/4397821.png,2026-09-22 22:08 UTC
2991235,Steven Adams,HOU,C,33.0,13.0,12,https://a.espncdn.com/i/headshots/nba/players/full/2991235.png,2026-09-22 22:08 UTC
3037789,Bogdan Bogdanovic,HOU,G,34.0,9.0,,https://a.espncdn.com/i/headshots/nba/players/full/3037789.png,2026-09-22 22:08 UTC
3102529,Clint Capela,HOU,C,32.0,12.0,30,https://a.espncdn.com/i/headshots/nba/players/full/3102529.png,2026-09-22 22:08 UTC
4684443,Rafael Castro,HOU,C,23.0,,,,2026-09-22 22:08 UTC
4683860,Quadir Copeland,HOU,G,23.0,0.0,,,2026-09-22 22:08 UTC
4592857,Isaiah Crawford,HOU,F,24.0,2.0,27,https://a.espncdn.com/i/headshots/nba/players/full/4592857.png,2026-09-22 22:08 UTC
3202,Kevin Durant,HOU,F,37.0,19.0,7,https://a.espncdn.com/i/headshots/nba/players/full/3202.png,2026-09-22 22:08 UTC
4433192,Tari Eason,HOU,F,25.0,4.0,17,https://a.espncdn.com/i/headshots/nba/players/full/4433192.png,2026-09-22 22:08 UTC
4709131,Sean Pedulla,HOU,G,23.0,1.0,,,2026-09-22 22:08 UTC
4871144,Alperen Sengun,HOU,C,24.0,5.0,28,https://a.espncdn.com/i/headshots/nba/players/full/4871144.png,2026-09-22 22:08 UTC
4711272,Reed Sheppard,HOU,G,22.0,2.0,15,https://a.espncdn.com/i/headshots/nba/players/full/4711272.png,2026-09-22 22:08 UTC
2990992,Marcus Smart,HOU,G,32.0,12.0,,https://a.espncdn.com/i/headshots/nba/players/full/2990992.png,2026-09-22 22:08 UTC
4432639,Jabari Smith Jr.,HOU,F,23.0,4.0,10,https://a.espncdn.com/i/headshots/nba/players/full/4432639.png,2026-09-22 22:08 UTC
3136777,Jae'Sean Tate,HOU,F,30.0,6.0,8,https://a.espncdn.com/i/headshots/nba/players/full/3136777.png,2026-09-22 22:08 UTC
4684740,Amen Thompson,HOU,G,23.0,3.0,1,https://a.espncdn.com/i/headshots/nba/players/full/4684740.png,2026-09-22 22:08 UTC
5105837,Bruce Thornton,HOU,G,23.0,0.0,,https://a.espncdn.com/i/headshots/nba/players/full/5105837.png,2026-09-22 22:08 UTC
2991230,Fred VanVleet,HOU,G,32.0,9.0,5,https://a.espncdn.com/i/headshots/nba/players/full/2991230.png,2026-09-22 22:08 UTC
4431752,Kobe Brown,IND,G,26.0,3.0,24,https://a.espncdn.com/i/headshots/nba/players/full/4431752.png,2026-09-22 22:08 UTC
5157066,Johnny Furphy,IND,G,21.0,2.0,12,https://a.espncdn.com/i/headshots/nba/players/full/5157066.png,2026-09-22 22:08 UTC
4396993,Tyrese Haliburton,IND,G,26.0,5.0,0,https://a.espncdn.com/i/headshots/nba/players/full/4396993.png,2026-09-22 22:08 UTC
4065731,Jay Huff,IND,C,29.0,5.0,32,https://a.espncdn.com/i/headshots/nba/players/full/4065731.png,2026-09-22 22:08 UTC
4592829,Quenton Jackson,IND,G,28.0,4.0,29,https://a.espncdn.com/i/headshots/nba/players/full/4592829.png,2026-09-22 22:08 UTC
2530530,T.J. McConnell,IND,G,34.0,11.0,9,https://a.espncdn.com/i/headshots/nba/players/full/2530530.png,2026-09-22 22:08 UTC
2580365,Larry Nance Jr.,IND,F,33.0,11.0,,https://a.espncdn.com/i/headshots/nba/players/full/2580365.png,2026-09-22 22:08 UTC
4395712,Andrew Nembhard,IND,G,26.0,4.0,2,https://a.espncdn.com/i/headshots/nba/players/full/4395712.png,2026-09-22 22:08 UTC
4396909,Aaron Nesmith,IND,G,26.0,6.0,23,https://a.espncdn.com/i/headshots/nba/players/full/4396909.png,2026-09-22 22:08 UTC
3133603,Kelly Oubre Jr.,IND,G,30.0,11.0,,https://a.espncdn.com/i/headshots/nba/players/full/3133603.png,2026-09-22 22:08 UTC
4433076,Ben Sheppard,IND,G,25.0,3.0,26,https://a.espncdn.com/i/headshots/nba/players/full/4433076.png,2026-09-22 22:08 UTC
3149673,Pascal Siakam,IND,F,32.0,10.0,43,https://a.espncdn.com/i/headshots/nba/players/full/3149673.png,2026-09-22 22:08 UTC
4398207,Jalen Slawson,IND,F,26.0,2.0,18,https://a.espncdn.com/i/headshots/nba/players/full/4398207.png,2026-09-22 22:08 UTC
5105854,Braden Smith,IND,G,23.0,0.0,,https://a.espncdn.com/i/headshots/nba/players/full/5105854.png,2026-09-22 22:08 UTC
4278355,Obi Toppin,IND,F,28.0,6.0,1,https://a.espncdn.com/i/headshots/nba/players/full/4278355.png,2026-09-22 22:08 UTC
5106060,Jarace Walker,IND,F,23.0,3.0,5,https://a.espncdn.com/i/headshots/nba/players/full/5106060.png,2026-09-22 22:08 UTC
4017837,Ivica Zubac,IND,C,29.0,10.0,40,https://a.espncdn.com/i/headshots/nba/players/full/4017837.png,2026-09-22 22:08 UTC
6580,Bradley Beal,LAC,G,33.0,14.0,3,https://a.espncdn.com/i/headshots/nba/players/full/6580.png,2026-09-22 22:08 UTC
4433569,Johni Broome,LAC,F,24.0,1.0,,https://a.espncdn.com/i/headshots/nba/players/full/4433569.png,2026-09-22 22:08 UTC
4845363,Cam Christie,LAC,G,21.0,2.0,24,https://a.espncdn.com/i/headshots/nba/players/full/4845363.png,2026-09-22 22:08 UTC
5106258,Gradey Dick,LAC,G,22.0,3.0,1,https://a.espncdn.com/i/headshots/nba/players/full/5106258.png,2026-09-22 22:08 UTC
2991139,Kris Dunn,LAC,G,32.0,10.0,8,https://a.espncdn.com/i/headshots/nba/players/full/2991139.png,2026-09-22 22:08 UTC
4396907,Darius Garland,LAC,G,26.0,7.0,10,https://a.espncdn.com/i/headshots/nba/players/full/4396907.png,2026-09-22 22:08 UTC
4066648,Rui Hachimura,LAC,F,28.0,7.0,28,https://a.espncdn.com/i/headshots/nba/players/full/4066648.png,2026-09-22 22:08 UTC
3913176,Brandon Ingram,LAC,F,29.0,10.0,3,https://a.espncdn.com/i/headshots/nba/players/full/3913176.png,2026-09-22 22:08 UTC
4432170,Isaiah Jackson,LAC,F,24.0,5.0,23,https://a.espncdn.com/i/headshots/nba/players/full/4432170.png,2026-09-22 22:08 UTC
3936099,Derrick Jones Jr.,LAC,F,29.0,10.0,5,https://a.espncdn.com/i/headshots/nba/players/full/3936099.png,2026-09-22 22:08 UTC
3448,Brook Lopez,LAC,C,38.0,18.0,11,https://a.espncdn.com/i/headshots/nba/players/full/3448.png,2026-09-22 22:08 UTC
5105832,Nick Martinelli,LAC,F,22.0,0.0,,https://a.espncdn.com/i/headshots/nba/players/full/5105832.png,2026-09-22 22:08 UTC
5075626,Baba Miller,LAC,F,22.0,0.0,,https://a.espncdn.com/i/headshots/nba/players/full/5075626.png,2026-09-22 22:08 UTC
4396818,Jordan Miller,LAC,G,26.0,3.0,22,https://a.espncdn.com/i/headshots/nba/players/full/4396818.png,2026-09-22 22:08 UTC
5363895,Narcisse Ngoy,LAC,F,22.0,0.0,,,2026-09-22 22:08 UTC
5108024,Yanic Konan Niederhauser,LAC,C,23.0,1.0,14,https://a.espncdn.com/i/headshots/nba/players/full/5108024.png,2026-09-22 22:08 UTC
4398390,Jalen Pickett,LAC,G,26.0,3.0,,https://a.espncdn.com/i/headshots/nba/players/full/4398390.png,2026-09-22 22:08 UTC
4702352,Kobe Sanders,LAC,G,24.0,1.0,4,https://a.espncdn.com/i/headshots/nba/players/full/4702352.png,2026-09-22 22:08 UTC
4897696,Jamarion Sharp,LAC,C,25.0,0.0,,https://a.espncdn.com/i/headshots/nba/players/full/4897696.png,2026-09-22 22:08 UTC
4065778,Max Strus,LAC,G,30.0,8.0,,https://a.espncdn.com/i/headshots/nba/players/full/4065778.png,2026-09-22 22:08 UTC
5254165,Keaton Wagler,LAC,G,19.0,0.0,,https://a.espncdn.com/i/headshots/nba/players/full/5254165.png,2026-09-22 22:08 UTC
4683749,TyTy Washington Jr.,LAC,G,24.0,4.0,15,https://a.espncdn.com/i/headshots/nba/players/full/4683749.png,2026-09-22 22:08 UTC
5113969,Cameron Carr,LAL,G,21.0,0.0,,https://a.espncdn.com/i/headshots/nba/players/full/5113969.png,2026-09-22 22:08 UTC
3945274,Luka Doncic,LAL,G,27.0,8.0,77,https://a.espncdn.com/i/headshots/nba/players/full/3945274.png,2026-09-22 22:08 UTC
4397014,Quentin Grimes,LAL,G,26.0,5.0,,https://a.espncdn.com/i/headshots/nba/players/full/4397014.png,2026-09-22 22:08 UTC
4868423,Jaden Hardy,LAL,G,24.0,4.0,,https://a.espncdn.com/i/headshots/nba/players/full/4868423.png,2026-09-22 22:08 UTC
4683774,Bronny James,LAL,G,21.0,2.0,9,https://a.espncdn.com/i/headshots/nba/players/full/4683774.png,2026-09-22 22:08 UTC
4710770,Meechie Johnson,LAL,G,24.0,,,,2026-09-22 22:08 UTC
4433136,Walker Kessler,LAL,C,25.0,4.0,,https://a.espncdn.com/i/headshots/nba/players/full/4433136.png,2026-09-22 22:08 UTC
4897943,Dalton Knecht,LAL,F,25.0,2.0,4,https://a.espncdn.com/i/headshots/nba/players/full/4897943.png,2026-09-22 22:08 UTC
4592691,Jake LaRavia,LAL,F,24.0,4.0,12,https://a.espncdn.com/i/headshots/nba/players/full/4592691.png,2026-09-22 22:08 UTC
3155535,Kevon Looney,LAL,F,30.0,11.0,,https://a.espncdn.com/i/headshots/nba/players/full/3155535.png,2026-09-22 22:08 UTC
4278580,Sandro Mamukelashvili,LAL,F,27.0,5.0,,https://a.espncdn.com/i/headshots/nba/players/full/4278580.png,2026-09-22 22:08 UTC
4702972,Chris Manon,LAL,G,24.0,1.0,30,https://a.espncdn.com/i/headshots/nba/players/full/4702972.png,2026-09-22 22:08 UTC
5114350,AK Okereke,LAL,F,23.0,0.0,,,2026-09-22 22:08 UTC
4066457,Austin Reaves,LAL,G,28.0,5.0,15,https://a.espncdn.com/i/headshots/nba/players/full/4066457.png,2026-09-22 22:08 UTC
5105598,Chase Ross,LAL,G,23.0,,29,,2026-09-22 22:08 UTC
4277811,Collin Sexton,LAL,G,27.0,8.0,,https://a.espncdn.com/i/headshots/nba/players/full/4277811.png,2026-09-22 22:08 UTC
5060631,Adou Thiero,LAL,F,22.0,1.0,1,https://a.espncdn.com/i/headshots/nba/players/full/5060631.png,2026-09-22 22:08 UTC
3907498,Matisse Thybulle,LAL,G,29.0,7.0,,https://a.espncdn.com/i/headshots/nba/players/full/3907498.png,2026-09-22 22:08 UTC
4278077,Jarred Vanderbilt,LAL,F,27.0,8.0,2,https://a.espncdn.com/i/headshots/nba/players/full/4278077.png,2026-09-22 22:08 UTC
4433137,Ziaire Williams,LAL,F,25.0,5.0,,https://a.espncdn.com/i/headshots/nba/players/full/4433137.png,2026-09-22 22:08 UTC
5041935,Cameron Boozer,MEM,F,19.0,0.0,27,https://a.espncdn.com/i/headshots/nba/players/full/5041935.png,2026-09-22 22:08 UTC
4896372,Walter Clayton Jr.,MEM,G,23.0,1.0,4,https://a.espncdn.com/i/headshots/nba/players/full/4896372.png,2026-09-22 22:08 UTC
4903027,Cedric Coward,MEM,F,23.0,1.0,23,https://a.espncdn.com/i/headshots/nba/players/full/4903027.png,2026-09-22 22:08 UTC
4600663,Zach Edey,MEM,C,24.0,2.0,14,https://a.espncdn.com/i/headshots/nba/players/full/4600663.png,2026-09-22 22:08 UTC
2991070,Jerami Grant,MEM,F,32.0,12.0,9,https://a.espncdn.com/i/headshots/nba/players/full/2991070.png,2026-09-22 22:08 UTC
4683750,Jordan Hawkins,MEM,G,24.0,3.0,,https://a.espncdn.com/i/headshots/nba/players/full/4683750.png,2026-09-22 22:08 UTC
4684806,Taylor Hendricks,MEM,F,22.0,3.0,22,https://a.espncdn.com/i/headshots/nba/players/full/4684806.png,2026-09-22 22:08 UTC
5105550,GG Jackson,MEM,F,21.0,3.0,45,https://a.espncdn.com/i/headshots/nba/players/full/5105550.png,2026-09-22 22:08 UTC
4065733,Ty Jerome,MEM,G,29.0,7.0,2,https://a.espncdn.com/i/headshots/nba/players/full/4065733.png,2026-09-22 22:08 UTC
5231919,Karim Lopez,MEM,F,19.0,0.0,,,2026-09-22 22:08 UTC
4683934,Jahmai Mashack,MEM,G,23.0,1.0,21,https://a.espncdn.com/i/headshots/nba/players/full/4683934.png,2026-09-22 22:08 UTC
4594326,Kris Murray,MEM,F,26.0,3.0,24,https://a.espncdn.com/i/headshots/nba/players/full/4594326.png,2026-09-22 22:08 UTC
4432185,Micah Peavy,MEM,G,25.0,1.0,,https://a.espncdn.com/i/headshots/nba/players/full/4432185.png,2026-09-22 22:08 UTC
4431785,Scotty Pippen Jr.,MEM,G,25.0,4.0,1,https://a.espncdn.com/i/headshots/nba/players/full/4431785.png,2026-09-22 22:08 UTC
4593016,Quinten Post,MEM,C,26.0,2.0,,https://a.espncdn.com/i/headshots/nba/players/full/4593016.png,2026-09-22 22:08 UTC
4595400,Olivier-Maxence Prosper,MEM,F,24.0,3.0,18,https://a.espncdn.com/i/headshots/nba/players/full/4595400.png,2026-09-22 22:08 UTC
3136776,D'Angelo Russell,MEM,G,30.0,11.0,,https://a.espncdn.com/i/headshots/nba/players/full/3136776.png,2026-09-22 22:08 UTC
5105462,Richie Saunders,MEM,G,25.0,0.0,,https://a.espncdn.com/i/headshots/nba/players/full/5105462.png,2026-09-22 22:08 UTC
4781746,Javon Small,MEM,G,23.0,1.0,10,https://a.espncdn.com/i/headshots/nba/players/full/4781746.png,2026-09-22 22:08 UTC
4433083,Cam Spencer,MEM,G,26.0,2.0,24,https://a.espncdn.com/i/headshots/nba/players/full/4433083.png,2026-09-22 22:08 UTC
4432810,Isaiah Stewart,MEM,F,25.0,6.0,,https://a.espncdn.com/i/headshots/nba/players/full/4432810.png,2026-09-22 22:08 UTC
5112087,Jaylen Wells,MEM,F,23.0,2.0,0,https://a.espncdn.com/i/headshots/nba/players/full/5112087.png,2026-09-22 22:08 UTC
4066261,Bam Adebayo,MIA,C,29.0,9.0,13,https://a.espncdn.com/i/headshots/nba/players/full/4066261.png,2026-09-22 22:08 UTC
3032977,Giannis Antetokounmpo,MIA,F,31.0,13.0,7,https://a.espncdn.com/i/headshots/nba/players/full/3032977.png,2026-09-22 22:08 UTC
5107157,Ryan Conwell,MIA,G,22.0,0.0,,https://a.espncdn.com/i/headshots/nba/players/full/5107157.png,2026-09-22 22:08 UTC
4837356,Tre Donaldson,MIA,G,22.0,0.0,,,2026-09-22 22:08 UTC
3899664,Simone Fontecchio,MIA,F,30.0,4.0,0,https://a.espncdn.com/i/headshots/nba/players/full/3899664.png,2026-09-22 22:08 UTC
4431772,Myron Gardner,MIA,F,25.0,1.0,15,https://a.espncdn.com/i/headshots/nba/players/full/4431772.png,2026-09-22 22:08 UTC
4700818,Vladislav Goldin,MIA,C,25.0,1.0,50,https://a.espncdn.com/i/headshots/nba/players/full/4700818.png,2026-09-22 22:08 UTC
4702784,J'Vonne Hadley,MIA,F,24.0,0.0,,,2026-09-22 22:08 UTC
2528210,Tim Hardaway Jr.,MIA,G,34.0,13.0,10,https://a.espncdn.com/i/headshots/nba/players/full/2528210.png,2026-09-22 22:08 UTC
4431786,Keshad Johnson,MIA,F,25.0,2.0,16,https://a.espncdn.com/i/headshots/nba/players/full/4431786.png,2026-09-22 22:08 UTC
4997528,Nikola Jovic,MIA,F,23.0,4.0,5,https://a.espncdn.com/i/headshots/nba/players/full/4997528.png,2026-09-22 22:08 UTC
4432645,Trevor Keels,MIA,G,23.0,2.0,8,https://a.espncdn.com/i/headshots/nba/players/full/4432645.png,2026-09-22 22:08 UTC
4601025,Pelle Larsson,MIA,G,25.0,2.0,9,https://a.espncdn.com/i/headshots/nba/players/full/4601025.png,2026-09-22 22:08 UTC
4278053,Davion Mitchell,MIA,G,28.0,5.0,45,https://a.espncdn.com/i/headshots/nba/players/full/4278053.png,2026-09-22 22:08 UTC
3064482,Bobby Portis,MIA,F,31.0,11.0,95,https://a.espncdn.com/i/headshots/nba/players/full/3064482.png,2026-09-22 22:08 UTC
4278076,Nick Richards,MIA,C,28.0,6.0,8,https://a.espncdn.com/i/headshots/nba/players/full/4278076.png,2026-09-22 22:08 UTC
4066993,Dru Smith,MIA,G,28.0,4.0,12,https://a.espncdn.com/i/headshots/nba/players/full/4066993.png,2026-09-22 22:08 UTC
6475,Klay Thompson,MIA,G,36.0,15.0,,https://a.espncdn.com/i/headshots/nba/players/full/6475.png,2026-09-22 22:08 UTC
3059319,Andrew Wiggins,MIA,F,31.0,12.0,22,https://a.espncdn.com/i/headshots/nba/players/full/3059319.png,2026-09-22 22:08 UTC
4433133,Jahmir Young,MIA,G,25.0,2.0,17,https://a.espncdn.com/i/headshots/nba/players/full/4433133.png,2026-09-22 22:08 UTC
5164559,Nate Ament,MIL,F,19.0,0.0,,https://a.espncdn.com/i/headshots/nba/players/full/5164559.png,2026-09-22 22:08 UTC
5082206,Brayden Burries,MIL,G,21.0,0.0,,https://a.espncdn.com/i/headshots/nba/players/full/5082206.png,2026-09-22 22:08 UTC
4997526,Ousmane Dieng,MIL,F,23.0,4.0,21,https://a.espncdn.com/i/headshots/nba/players/full/4997526.png,2026-09-22 22:08 UTC
4397475,AJ Green,MIL,G,26.0,4.0,20,https://a.espncdn.com/i/headshots/nba/players/full/4397475.png,2026-09-22 22:08 UTC
4395725,Tyler Herro,MIL,G,26.0,7.0,14,https://a.espncdn.com/i/headshots/nba/players/full/4395725.png,2026-09-22 22:08 UTC
5214640,Kasparas Jakucionis,MIL,G,20.0,1.0,25,https://a.espncdn.com/i/headshots/nba/players/full/5214640.png,2026-09-22 22:08 UTC
4432848,Jaime Jaquez Jr.,MIL,F,25.0,3.0,11,https://a.espncdn.com/i/headshots/nba/players/full/4432848.png,2026-09-22 22:08 UTC
4697268,Kam Jones,MIL,G,24.0,1.0,,https://a.espncdn.com/i/headshots/nba/players/full/4697268.png,2026-09-22 22:08 UTC
3134907,Kyle Kuzma,MIL,F,31.0,9.0,18,https://a.espncdn.com/i/headshots/nba/players/full/3134907.png,2026-09-22 22:08 UTC
2991043,Caris LeVert,MIL,G,32.0,10.0,,https://a.espncdn.com/i/headshots/nba/players/full/2991043.png,2026-09-22 22:08 UTC
5184016,Malique Lewis,MIL,F,21.0,0.0,,,2026-09-22 22:08 UTC
5214989,Bogoljub Markovic,MIL,F,21.0,0.0,,,2026-09-22 22:08 UTC
4397233,Pete Nance,MIL,F,26.0,3.0,35,https://a.espncdn.com/i/headshots/nba/players/full/4397233.png,2026-09-22 22:08 UTC
4397140,Kevin Porter Jr.,MIL,G,26.0,6.0,7,https://a.espncdn.com/i/headshots/nba/players/full/4397140.png,2026-09-22 22:08 UTC
4591725,Ryan Rollins,MIL,G,24.0,4.0,13,https://a.espncdn.com/i/headshots/nba/players/full/4591725.png,2026-09-22 22:08 UTC
4397114,Cormac Ryan,MIL,G,27.0,1.0,30,https://a.espncdn.com/i/headshots/nba/players/full/4397114.png,2026-09-22 22:08 UTC
4277922,Jericho Sims,MIL,C,27.0,5.0,00,https://a.espncdn.com/i/headshots/nba/players/full/4277922.png,2026-09-22 22:08 UTC
4277843,Gary Trent Jr.,MIL,G,27.0,8.0,5,https://a.espncdn.com/i/headshots/nba/players/full/4277843.png,2026-09-22 22:08 UTC
3133628,Myles Turner,MIL,C,30.0,11.0,3,https://a.espncdn.com/i/headshots/nba/players/full/3133628.png,2026-09-22 22:08 UTC
5105623,Kel'el Ware,MIL,C,22.0,2.0,7,https://a.espncdn.com/i/headshots/nba/players/full/5105623.png,2026-09-22 22:08 UTC
4432816,LaMelo Ball,MIN,G,25.0,6.0,,https://a.espncdn.com/i/headshots/nba/players/full/4432816.png,2026-09-22 22:08 UTC
5279133,Joan Beringer,MIN,F,19.0,1.0,19,https://a.espncdn.com/i/headshots/nba/players/full/5279133.png,2026-09-22 22:08 UTC
4432247,Jaylen Clark,MIN,G,24.0,2.0,22,https://a.espncdn.com/i/headshots/nba/players/full/4432247.png,2026-09-22 22:08 UTC
3934673,Donte DiVincenzo,MIN,G,29.0,8.0,0,https://a.espncdn.com/i/headshots/nba/players/full/3934673.png,2026-09-22 22:08 UTC
4397002,Ayo Dosunmu,MIN,G,26.0,5.0,13,https://a.espncdn.com/i/headshots/nba/players/full/4397002.png,2026-09-22 22:08 UTC
4594268,Anthony Edwards,MIN,G,25.0,6.0,5,https://a.espncdn.com/i/headshots/nba/players/full/4594268.png,2026-09-22 22:08 UTC
5061585,Isaiah Evans,MIN,G,20.0,0.0,,https://a.espncdn.com/i/headshots/nba/players/full/5061585.png,2026-09-22 22:08 UTC
4592699,Enrique Freeman,MIN,F,26.0,2.0,25,https://a.espncdn.com/i/headshots/nba/players/full/4592699.png,2026-09-22 22:08 UTC
3032976,Rudy Gobert,MIN,C,34.0,13.0,27,https://a.espncdn.com/i/headshots/nba/players/full/3032976.png,2026-09-22 22:08 UTC
4592492,Bones Hyland,MIN,G,26.0,5.0,8,https://a.espncdn.com/i/headshots/nba/players/full/4592492.png,2026-09-22 22:08 UTC
4897438,Trey Kaufman-Renn,MIN,F,24.0,0.0,,https://a.espncdn.com/i/headshots/nba/players/full/4897438.png,2026-09-22 22:08 UTC
3134932,John Konchar,MIN,G,30.0,7.0,,https://a.espncdn.com/i/headshots/nba/players/full/3134932.png,2026-09-22 22:08 UTC
4433247,Jonathan Kuminga,MIN,F,23.0,4.0,,https://a.espncdn.com/i/headshots/nba/players/full/4433247.png,2026-09-22 22:08 UTC
3136196,Trey Lyles,MIN,F,30.0,10.0,,https://a.espncdn.com/i/headshots/nba/players/full/3136196.png,2026-09-22 22:08 UTC
4431671,Jaden McDaniels,MIN,F,25.0,6.0,3,https://a.espncdn.com/i/headshots/nba/players/full/4431671.png,2026-09-22 22:08 UTC
5105553,Julian Phillips,MIN,F,22.0,3.0,4,https://a.espncdn.com/i/headshots/nba/players/full/5105553.png,2026-09-22 22:08 UTC
4592979,Zyon Pullin,MIN,G,25.0,2.0,15,https://a.espncdn.com/i/headshots/nba/players/full/4592979.png,2026-09-22 22:08 UTC
4432847,Terrence Shannon Jr.,MIN,G,26.0,2.0,1,https://a.espncdn.com/i/headshots/nba/players/full/4432847.png,2026-09-22 22:08 UTC
4895758,Cody Williams,MIN,F,21.0,2.0,,https://a.espncdn.com/i/headshots/nba/players/full/4895758.png,2026-09-22 22:08 UTC
5157587,Rocco Zikarsky,MIN,C,20.0,1.0,44,https://a.espncdn.com/i/headshots/nba/players/full/5157587.png,2026-09-22 22:08 UTC
4397136,Saddiq Bey,NOP,G,27.0,6.0,41,https://a.espncdn.com/i/headshots/nba/players/full/4397136.png,2026-09-22 22:08 UTC
4712862,Malik Dia,NOP,F,22.0,0.0,,,2026-09-22 22:08 UTC
5144091,Jeremiah Fears,NOP,G,19.0,1.0,0,https://a.espncdn.com/i/headshots/nba/players/full/5144091.png,2026-09-22 22:08 UTC
5170947,AJ Johnson,NOP,G,21.0,2.0,,https://a.espncdn.com/i/headshots/nba/players/full/5170947.png,2026-09-22 22:08 UTC
4277813,Herbert Jones,NOP,F,27.0,5.0,2,https://a.espncdn.com/i/headshots/nba/players/full/4277813.png,2026-09-22 22:08 UTC
3442,DeAndre Jordan,NOP,C,38.0,18.0,6,https://a.espncdn.com/i/headshots/nba/players/full/3442.png,2026-09-22 22:08 UTC
4683634,Bennedict Mathurin,NOP,G,24.0,4.0,,https://a.espncdn.com/i/headshots/nba/players/full/4683634.png,2026-09-22 22:08 UTC
4997538,Karlo Matkovic,NOP,F,25.0,2.0,17,https://a.espncdn.com/i/headshots/nba/players/full/4997538.png,2026-09-22 22:08 UTC
4576086,Bryce McGowens,NOP,G,23.0,4.0,11,https://a.espncdn.com/i/headshots/nba/players/full/4576086.png,2026-09-22 22:08 UTC
5061589,Yves Missi,NOP,C,22.0,2.0,21,https://a.espncdn.com/i/headshots/nba/players/full/5061589.png,2026-09-22 22:08 UTC
4397688,Trey Murphy III,NOP,F,26.0,5.0,25,https://a.espncdn.com/i/headshots/nba/players/full/4397688.png,2026-09-22 22:08 UTC
3907497,Dejounte Murray,NOP,G,30.0,10.0,5,https://a.espncdn.com/i/headshots/nba/players/full/3907497.png,2026-09-22 22:08 UTC
4432068,Josh Oduro,NOP,C,25.0,1.0,13,,2026-09-22 22:08 UTC
4703115,Jaron Pierre Jr.,NOP,G,24.0,0.0,,https://a.espncdn.com/i/headshots/nba/players/full/4703115.png,2026-09-22 22:08 UTC
4277956,Jordan Poole,NOP,G,27.0,7.0,3,https://a.espncdn.com/i/headshots/nba/players/full/4277956.png,2026-09-22 22:08 UTC
4869780,Derik Queen,NOP,C,21.0,1.0,22,https://a.espncdn.com/i/headshots/nba/players/full/4869780.png,2026-09-22 22:08 UTC
4431675,Trendon Watford,NOP,F,25.0,5.0,,https://a.espncdn.com/i/headshots/nba/players/full/4431675.png,2026-09-22 22:08 UTC
4395628,Zion Williamson,NOP,F,26.0,7.0,1,https://a.espncdn.com/i/headshots/nba/players/full/4395628.png,2026-09-22 22:08 UTC
4277869,Jose Alvarado,NYK,G,28.0,5.0,5,https://a.espncdn.com/i/headshots/nba/players/full/4277869.png,2026-09-22 22:08 UTC
3934719,OG Anunoby,NYK,F,29.0,9.0,8,https://a.espncdn.com/i/headshots/nba/players/full/3934719.png,2026-09-22 22:08 UTC
3147657,Mikal Bridges,NYK,G,30.0,8.0,25,https://a.espncdn.com/i/headshots/nba/players/full/3147657.png,2026-09-22 22:08 UTC
3934672,Jalen Brunson,NYK,G,30.0,8.0,11,https://a.espncdn.com/i/headshots/nba/players/full/3934672.png,2026-09-22 22:08 UTC
2528426,Jordan Clarkson,NYK,G,34.0,12.0,00,https://a.espncdn.com/i/headshots/nba/players/full/2528426.png,2026-09-22 22:08 UTC
5211983,Pacome Dadiet,NYK,F,21.0,2.0,4,https://a.espncdn.com/i/headshots/nba/players/full/5211983.png,2026-09-22 22:08 UTC
5289900,Mohamed Diawara,NYK,F,21.0,1.0,51,https://a.espncdn.com/i/headshots/nba/players/full/5289900.png,2026-09-22 22:08 UTC
6585,Andre Drummond,NYK,C,33.0,14.0,,https://a.espncdn.com/i/headshots/nba/players/full/6585.png,2026-09-22 22:08 UTC
3062679,Josh Hart,NYK,G,31.0,9.0,3,https://a.espncdn.com/i/headshots/nba/players/full/3062679.png,2026-09-22 22:08 UTC
5234862,Jack Kayil,NYK,G,20.0,0.0,,,2026-09-22 22:08 UTC
4433225,Tyler Kolek,NYK,G,25.0,2.0,13,https://a.espncdn.com/i/headshots/nba/players/full/4433225.png,2026-09-22 22:08 UTC
4431823,Miles McBride,NYK,G,26.0,5.0,2,https://a.espncdn.com/i/headshots/nba/players/full/4431823.png,2026-09-22 22:08 UTC
4411057,Kevin McCullar Jr.,NYK,G,25.0,2.0,9,https://a.espncdn.com/i/headshots/nba/players/full/4411057.png,2026-09-22 22:08 UTC
4838721,Tyler Nickel,NYK,F,23.0,0.0,,https://a.espncdn.com/i/headshots/nba/players/full/4838721.png,2026-09-22 22:08 UTC
3914044,Landry Shamet,NYK,G,29.0,8.0,44,https://a.espncdn.com/i/headshots/nba/players/full/3914044.png,2026-09-22 22:08 UTC
3136195,Karl-Anthony Towns,NYK,C,30.0,11.0,32,https://a.espncdn.com/i/headshots/nba/players/full/3136195.png,2026-09-22 22:08 UTC
4684208,Brooks Barnhizer,OKC,F,24.0,1.0,23,https://a.espncdn.com/i/headshots/nba/players/full/4684208.png,2026-09-22 22:08 UTC
2991350,Alex Caruso,OKC,G,32.0,9.0,9,https://a.espncdn.com/i/headshots/nba/players/full/2991350.png,2026-09-22 22:08 UTC
5105800,Josh Dix,OKC,G,22.0,0.0,,,2026-09-22 22:08 UTC
4278073,Shai Gilgeous-Alexander,OKC,G,28.0,8.0,2,https://a.espncdn.com/i/headshots/nba/players/full/4278073.png,2026-09-22 22:08 UTC
4222252,Isaiah Hartenstein,OKC,C,28.0,8.0,55,https://a.espncdn.com/i/headshots/nba/players/full/4222252.png,2026-09-22 22:08 UTC
4433255,Chet Holmgren,OKC,C,24.0,3.0,7,https://a.espncdn.com/i/headshots/nba/players/full/4433255.png,2026-09-22 22:08 UTC
5174983,Aday Mara,OKC,C,21.0,0.0,,https://a.espncdn.com/i/headshots/nba/players/full/5174983.png,2026-09-22 22:08 UTC
4683778,Jared McCain,OKC,G,22.0,2.0,3,https://a.espncdn.com/i/headshots/nba/players/full/4683778.png,2026-09-22 22:08 UTC
4900671,Ajay Mitchell,OKC,G,24.0,2.0,25,https://a.espncdn.com/i/headshots/nba/players/full/4900671.png,2026-09-22 22:08 UTC
5106270,Otega Oweh,OKC,G,23.0,0.0,,https://a.espncdn.com/i/headshots/nba/players/full/5106270.png,2026-09-22 22:08 UTC
5061603,Thomas Sorber,OKC,C,20.0,0.0,12,https://a.espncdn.com/i/headshots/nba/players/full/5061603.png,2026-09-22 22:08 UTC
5241364,Bennett Stirtz,OKC,G,22.0,0.0,,https://a.espncdn.com/i/headshots/nba/players/full/5241364.png,2026-09-22 22:08 UTC
5159925,Nikola Topic,OKC,G,21.0,1.0,44,https://a.espncdn.com/i/headshots/nba/players/full/5159925.png,2026-09-22 22:08 UTC
4683692,Cason Wallace,OKC,G,22.0,3.0,22,https://a.espncdn.com/i/headshots/nba/players/full/4683692.png,2026-09-22 22:08 UTC
4593803,Jalen Williams,OKC,G,25.0,4.0,8,https://a.espncdn.com/i/headshots/nba/players/full/4593803.png,2026-09-22 22:08 UTC
4432823,Jaylin Williams,OKC,F,24.0,4.0,6,https://a.espncdn.com/i/headshots/nba/players/full/4432823.png,2026-09-22 22:08 UTC
3133626,Kenrich Williams,OKC,G,31.0,8.0,34,https://a.espncdn.com/i/headshots/nba/players/full/3133626.png,2026-09-22 22:08 UTC
4432573,Paolo Banchero,ORL,F,23.0,4.0,5,https://a.espncdn.com/i/headshots/nba/players/full/4432573.png,2026-09-22 22:08 UTC
4066320,Desmond Bane,ORL,G,28.0,6.0,3,https://a.espncdn.com/i/headshots/nba/players/full/4066320.png,2026-09-22 22:08 UTC
4348700,Goga Bitadze,ORL,C,27.0,7.0,35,https://a.espncdn.com/i/headshots/nba/players/full/4348700.png,2026-09-22 22:08 UTC
4712849,Anthony Black,ORL,G,22.0,3.0,0,https://a.espncdn.com/i/headshots/nba/players/full/4712849.png,2026-09-22 22:08 UTC
4565201,Malaki Branham,ORL,F,23.0,4.0,12,https://a.espncdn.com/i/headshots/nba/players/full/4565201.png,2026-09-22 22:08 UTC
4278572,Jamal Cain,ORL,F,27.0,4.0,8,https://a.espncdn.com/i/headshots/nba/players/full/4278572.png,2026-09-22 22:08 UTC
3133635,Jevon Carter,ORL,G,31.0,8.0,2,https://a.espncdn.com/i/headshots/nba/players/full/3133635.png,2026-09-22 22:08 UTC
4277847,Wendell Carter Jr.,ORL,C,27.0,8.0,34,https://a.espncdn.com/i/headshots/nba/players/full/4277847.png,2026-09-22 22:08 UTC
4397204,Colin Castleton,ORL,C,26.0,3.0,14,https://a.espncdn.com/i/headshots/nba/players/full/4397204.png,2026-09-22 22:08 UTC
4702382,Tristan da Silva,ORL,F,25.0,2.0,23,https://a.espncdn.com/i/headshots/nba/players/full/4702382.png,2026-09-22 22:08 UTC
4576085,JD Davison,ORL,G,23.0,4.0,20,https://a.espncdn.com/i/headshots/nba/players/full/4576085.png,2026-09-22 22:08 UTC
4065654,Jonathan Isaac,ORL,F,28.0,9.0,1,https://a.espncdn.com/i/headshots/nba/players/full/4065654.png,2026-09-22 22:08 UTC
4593034,Alex Morales,ORL,G,28.0,1.0,30,https://a.espncdn.com/i/headshots/nba/players/full/4593034.png,2026-09-22 22:08 UTC
5107251,Izaiyah Nelson,ORL,F,22.0,0.0,,https://a.espncdn.com/i/headshots/nba/players/full/5107251.png,2026-09-22 22:08 UTC
5214637,Noah Penda,ORL,F,21.0,1.0,93,https://a.espncdn.com/i/headshots/nba/players/full/5214637.png,2026-09-22 22:08 UTC
5239561,Jase Richardson,ORL,G,20.0,1.0,11,https://a.espncdn.com/i/headshots/nba/players/full/5239561.png,2026-09-22 22:08 UTC
4432165,Jalen Suggs,ORL,G,25.0,5.0,4,https://a.espncdn.com/i/headshots/nba/players/full/4432165.png,2026-09-22 22:08 UTC
6478,Nikola Vucevic,ORL,C,35.0,15.0,9,https://a.espncdn.com/i/headshots/nba/players/full/6478.png,2026-09-22 22:08 UTC
4566434,Franz Wagner,ORL,F,25.0,5.0,22,https://a.espncdn.com/i/headshots/nba/players/full/4566434.png,2026-09-22 22:08 UTC
4870562,Dominick Barlow,PHI,F,23.0,4.0,25,https://a.espncdn.com/i/headshots/nba/players/full/4870562.png,2026-09-22 22:08 UTC
5105637,Adem Bona,PHI,C,23.0,2.0,30,https://a.espncdn.com/i/headshots/nba/players/full/5105637.png,2026-09-22 22:08 UTC
3917376,Jaylen Brown,PHI,G,29.0,10.0,7,https://a.espncdn.com/i/headshots/nba/players/full/3917376.png,2026-09-22 22:08 UTC
2581018,Kentavious Caldwell-Pope,PHI,G,33.0,13.0,,https://a.espncdn.com/i/headshots/nba/players/full/2581018.png,2026-09-22 22:08 UTC
5124612,VJ Edgecombe,PHI,G,21.0,1.0,77,https://a.espncdn.com/i/headshots/nba/players/full/5124612.png,2026-09-22 22:08 UTC
4711297,Justin Edwards,PHI,F,22.0,2.0,11,https://a.espncdn.com/i/headshots/nba/players/full/4711297.png,2026-09-22 22:08 UTC
3059318,Joel Embiid,PHI,C,32.0,10.0,21,https://a.espncdn.com/i/headshots/nba/players/full/3059318.png,2026-09-22 22:08 UTC
3904625,Tacko Fall,PHI,C,30.0,3.0,,https://a.espncdn.com/i/headshots/nba/players/full/3904625.png,2026-09-22 22:08 UTC
4871141,Ariel Hukporti,PHI,C,24.0,2.0,,https://a.espncdn.com/i/headshots/nba/players/full/4871141.png,2026-09-22 22:08 UTC
1966,LeBron James,PHI,F,41.0,23.0,23,https://a.espncdn.com/i/headshots/nba/players/full/1966.png,2026-09-22 22:08 UTC
4702159,Dillon Jones,PHI,F,24.0,,,https://a.espncdn.com/i/headshots/nba/players/full/4702159.png,2026-09-22 22:08 UTC
4433144,Caleb Love,PHI,G,24.0,1.0,9,https://a.espncdn.com/i/headshots/nba/players/full/4433144.png,2026-09-22 22:08 UTC
4431678,Tyrese Maxey,PHI,G,25.0,6.0,0,https://a.espncdn.com/i/headshots/nba/players/full/4431678.png,2026-09-22 22:08 UTC
4702049,Duke Miles,PHI,G,24.0,0.0,,,2026-09-22 22:08 UTC
4592444,Jameer Nelson Jr.,PHI,G,25.0,,,,2026-09-22 22:08 UTC
4873090,Labaron Philon Jr.,PHI,G,20.0,0.0,,https://a.espncdn.com/i/headshots/nba/players/full/4873090.png,2026-09-22 22:08 UTC
5099752,Rayan Rupert,PHI,G,22.0,3.0,12,https://a.espncdn.com/i/headshots/nba/players/full/5099752.png,2026-09-22 22:08 UTC
4351851,Anfernee Simons,PHI,G,27.0,8.0,5,https://a.espncdn.com/i/headshots/nba/players/full/4351851.png,2026-09-22 22:08 UTC
3912848,Dean Wade,PHI,F,29.0,7.0,,https://a.espncdn.com/i/headshots/nba/players/full/3912848.png,2026-09-22 22:08 UTC
4432446,Jabari Walker,PHI,F,24.0,4.0,33,https://a.espncdn.com/i/headshots/nba/players/full/4432446.png,2026-09-22 22:08 UTC
3136193,Devin Booker,PHX,G,29.0,11.0,15,https://a.espncdn.com/i/headshots/nba/players/full/3136193.png,2026-09-22 22:08 UTC
4280245,Jamaree Bouyea,PHX,G,27.0,4.0,17,https://a.espncdn.com/i/headshots/nba/players/full/4280245.png,2026-09-22 22:08 UTC
4591259,Koby Brea,PHX,G,23.0,1.0,14,https://a.espncdn.com/i/headshots/nba/players/full/4591259.png,2026-09-22 22:08 UTC
4066383,Miles Bridges,PHX,F,28.0,7.0,,https://a.espncdn.com/i/headshots/nba/players/full/4066383.png,2026-09-22 22:08 UTC
3155526,Dillon Brooks,PHX,F,30.0,9.0,3,https://a.espncdn.com/i/headshots/nba/players/full/3155526.png,2026-09-22 22:08 UTC
4888725,Ryan Dunn,PHX,F,23.0,2.0,0,https://a.espncdn.com/i/headshots/nba/players/full/4888725.png,2026-09-22 22:08 UTC
5105977,Rasheer Fleming,PHX,F,22.0,1.0,20,https://a.espncdn.com/i/headshots/nba/players/full/5105977.png,2026-09-22 22:08 UTC
4278585,Collin Gillespie,PHX,G,27.0,3.0,12,https://a.espncdn.com/i/headshots/nba/players/full/4278585.png,2026-09-22 22:08 UTC
4278402,Jordan Goodwin,PHX,G,27.0,5.0,23,https://a.espncdn.com/i/headshots/nba/players/full/4278402.png,2026-09-22 22:08 UTC
4437244,Jalen Green,PHX,G,24.0,5.0,4,https://a.espncdn.com/i/headshots/nba/players/full/4437244.png,2026-09-22 22:08 UTC
4291678,Haywood Highsmith,PHX,F,29.0,6.0,7,https://a.espncdn.com/i/headshots/nba/players/full/4291678.png,2026-09-22 22:08 UTC
4702602,CJ Huntley,PHX,F,24.0,1.0,22,https://a.espncdn.com/i/headshots/nba/players/full/4702602.png,2026-09-22 22:08 UTC
4601023,Oso Ighodaro,PHX,F,24.0,2.0,11,https://a.espncdn.com/i/headshots/nba/players/full/4601023.png,2026-09-22 22:08 UTC
3913174,Luke Kennard,PHX,G,30.0,9.0,,https://a.espncdn.com/i/headshots/nba/players/full/3913174.png,2026-09-22 22:08 UTC
4277957,Isaiah Livers,PHX,F,28.0,4.0,18,https://a.espncdn.com/i/headshots/nba/players/full/4277957.png,2026-09-22 22:08 UTC
5203685,Khaman Maluach,PHX,C,20.0,1.0,10,https://a.espncdn.com/i/headshots/nba/players/full/5203685.png,2026-09-22 22:08 UTC
5041953,Koa Peat,PHX,F,19.0,0.0,,https://a.espncdn.com/i/headshots/nba/players/full/5041953.png,2026-09-22 22:08 UTC
4066268,Duop Reath,PHX,C,30.0,3.0,,https://a.espncdn.com/i/headshots/nba/players/full/4066268.png,2026-09-22 22:08 UTC
4592714,Pat Spencer,PHX,G,30.0,3.0,,https://a.espncdn.com/i/headshots/nba/players/full/4592714.png,2026-09-22 22:08 UTC
4701232,Mark Williams,PHX,C,24.0,4.0,15,https://a.espncdn.com/i/headshots/nba/players/full/4701232.png,2026-09-22 22:08 UTC
4683021,Deni Avdija,POR,F,25.0,6.0,8,https://a.espncdn.com/i/headshots/nba/players/full/4683021.png,2026-09-22 22:08 UTC
4431736,Toumani Camara,POR,F,26.0,3.0,33,https://a.espncdn.com/i/headshots/nba/players/full/4431736.png,2026-09-22 22:08 UTC
4592435,Branden Carlson,POR,C,27.0,2.0,,https://a.espncdn.com/i/headshots/nba/players/full/4592435.png,2026-09-22 22:08 UTC
5081727,Sidy Cissoko,POR,G,22.0,3.0,91,https://a.espncdn.com/i/headshots/nba/players/full/5081727.png,2026-09-22 22:08 UTC
5105565,Donovan Clingan,POR,C,22.0,2.0,23,https://a.espncdn.com/i/headshots/nba/players/full/5105565.png,2026-09-22 22:08 UTC
5217746,Yang Hansen,POR,C,21.0,1.0,16,https://a.espncdn.com/i/headshots/nba/players/full/5217746.png,2026-09-22 22:08 UTC
4683678,Scoot Henderson,POR,G,22.0,3.0,00,https://a.espncdn.com/i/headshots/nba/players/full/4683678.png,2026-09-22 22:08 UTC
3995,Jrue Holiday,POR,G,36.0,17.0,5,https://a.espncdn.com/i/headshots/nba/players/full/3995.png,2026-09-22 22:08 UTC
4703889,Jayson Kent,POR,G,24.0,1.0,29,,2026-09-22 22:08 UTC
4578893,Vit Krejci,POR,G,26.0,5.0,27,https://a.espncdn.com/i/headshots/nba/players/full/4578893.png,2026-09-22 22:08 UTC
6606,Damian Lillard,POR,G,36.0,13.0,0,https://a.espncdn.com/i/headshots/nba/players/full/6606.png,2026-09-22 22:08 UTC
4279888,Ja Morant,POR,G,27.0,7.0,1,https://a.espncdn.com/i/headshots/nba/players/full/4279888.png,2026-09-22 22:08 UTC
4066399,Micah Potter,POR,C,28.0,4.0,11,https://a.espncdn.com/i/headshots/nba/players/full/4066399.png,2026-09-22 22:08 UTC
4914336,Shaedon Sharpe,POR,G,23.0,4.0,17,https://a.espncdn.com/i/headshots/nba/players/full/4914336.png,2026-09-22 22:08 UTC
4610139,Jeremy Sochan,POR,F,23.0,4.0,20,https://a.espncdn.com/i/headshots/nba/players/full/4610139.png,2026-09-22 22:08 UTC
4593043,John Tonje,POR,F,25.0,1.0,,https://a.espncdn.com/i/headshots/nba/players/full/4593043.png,2026-09-22 22:08 UTC
4066211,Robert Williams III,POR,C,28.0,8.0,35,https://a.espncdn.com/i/headshots/nba/players/full/4066211.png,2026-09-22 22:08 UTC
4706557,Chris Youngblood,POR,G,24.0,1.0,11,https://a.espncdn.com/i/headshots/nba/players/full/4706557.png,2026-09-22 22:08 UTC
4431679,Precious Achiuwa,SAC,PF,27.0,6.0,9,https://a.espncdn.com/i/headshots/nba/players/full/4431679.png,2026-09-22 22:08 UTC
5142620,Darius Acuff Jr.,SAC,G,19.0,0.0,5,https://a.espncdn.com/i/headshots/nba/players/full/5142620.png,2026-09-22 22:08 UTC
4433174,Dylan Cardwell,SAC,C,24.0,1.0,32,https://a.espncdn.com/i/headshots/nba/players/full/4433174.png,2026-09-22 22:08 UTC
4702384,Nique Clifford,SAC,G,24.0,1.0,5,https://a.espncdn.com/i/headshots/nba/players/full/4702384.png,2026-09-22 22:08 UTC
4397654,Adam Flagler,SAC,G,26.0,2.0,,https://a.espncdn.com/i/headshots/nba/players/full/4397654.png,2026-09-22 22:08 UTC
4065732,De'Andre Hunter,SAC,F,28.0,7.0,15,https://a.espncdn.com/i/headshots/nba/players/full/4065732.png,2026-09-22 22:08 UTC
4917149,Alex Karaban,SAC,F,23.0,0.0,33,https://a.espncdn.com/i/headshots/nba/players/full/4917149.png,2026-09-22 22:08 UTC
3064440,Zach LaVine,SAC,G,31.0,12.0,8,https://a.espncdn.com/i/headshots/nba/players/full/3064440.png,2026-09-22 22:08 UTC
5107897,Jonathan Mogbo,SAC,F,24.0,2.0,,https://a.espncdn.com/i/headshots/nba/players/full/5107897.png,2026-09-22 22:08 UTC
4066262,Malik Monk,SAC,G,28.0,9.0,0,https://a.espncdn.com/i/headshots/nba/players/full/4066262.png,2026-09-22 22:08 UTC
4594327,Keegan Murray,SAC,F,26.0,4.0,13,https://a.espncdn.com/i/headshots/nba/players/full/4594327.png,2026-09-22 22:08 UTC
4279318,Daeqwon Plowden,SAC,G,28.0,2.0,29,https://a.espncdn.com/i/headshots/nba/players/full/4279318.png,2026-09-22 22:08 UTC
4898371,Maxime Raynaud,SAC,C,23.0,1.0,42,https://a.espncdn.com/i/headshots/nba/players/full/4898371.png,2026-09-22 22:08 UTC
3155942,Domantas Sabonis,SAC,F,30.0,10.0,11,https://a.espncdn.com/i/headshots/nba/players/full/3155942.png,2026-09-22 22:08 UTC
5106058,Emanuel Sharp,SAC,G,22.0,0.0,34,https://a.espncdn.com/i/headshots/nba/players/full/5106058.png,2026-09-22 22:08 UTC
3907387,Ben Simmons,SAC,G,30.0,,,https://a.espncdn.com/i/headshots/nba/players/full/3907387.png,2026-09-22 22:08 UTC
6578,Harrison Barnes,SAS,F,34.0,14.0,40,https://a.espncdn.com/i/headshots/nba/players/full/6578.png,2026-09-22 22:08 UTC
5105337,Maliq Brown,SAS,F,22.0,0.0,,https://a.espncdn.com/i/headshots/nba/players/full/5105337.png,2026-09-22 22:08 UTC
5061568,Carter Bryant,SAS,F,20.0,1.0,11,https://a.espncdn.com/i/headshots/nba/players/full/5061568.png,2026-09-22 22:08 UTC
4845367,Stephon Castle,SAS,G,21.0,2.0,5,https://a.espncdn.com/i/headshots/nba/players/full/4845367.png,2026-09-22 22:08 UTC
4592479,Julian Champagnie,SAS,F,25.0,4.0,30,https://a.espncdn.com/i/headshots/nba/players/full/4592479.png,2026-09-22 22:08 UTC
4066259,De'Aaron Fox,SAS,G,28.0,9.0,4,https://a.espncdn.com/i/headshots/nba/players/full/4066259.png,2026-09-22 22:08 UTC
5107968,Ja'Kobi Gillespie,SAS,G,22.0,0.0,,https://a.espncdn.com/i/headshots/nba/players/full/5107968.png,2026-09-22 22:08 UTC
5037871,Dylan Harper,SAS,G,20.0,1.0,2,https://a.espncdn.com/i/headshots/nba/players/full/5037871.png,2026-09-22 22:08 UTC
6440,Tobias Harris,SAS,F,34.0,15.0,,https://a.espncdn.com/i/headshots/nba/players/full/6440.png,2026-09-22 22:08 UTC
4433618,Harrison Ingram,SAS,F,23.0,2.0,55,https://a.espncdn.com/i/headshots/nba/players/full/4433618.png,2026-09-22 22:08 UTC
4395723,Keldon Johnson,SAS,F,26.0,7.0,3,https://a.espncdn.com/i/headshots/nba/players/full/4395723.png,2026-09-22 22:08 UTC
4713010,David Jones Garcia,SAS,F,24.0,1.0,25,https://a.espncdn.com/i/headshots/nba/players/full/4713010.png,2026-09-22 22:08 UTC
3064560,Luke Kornet,SAS,C,31.0,9.0,7,https://a.espncdn.com/i/headshots/nba/players/full/3064560.png,2026-09-22 22:08 UTC
3134916,Jordan McLaughlin,SAS,G,30.0,7.0,0,https://a.espncdn.com/i/headshots/nba/players/full/3134916.png,2026-09-22 22:08 UTC
4432872,Emanuel Miller,SAS,F,26.0,2.0,14,https://a.espncdn.com/i/headshots/nba/players/full/4432872.png,2026-09-22 22:08 UTC
5101845,Jayden Quaintance,SAS,F,19.0,0.0,,https://a.espncdn.com/i/headshots/nba/players/full/5101845.png,2026-09-22 22:08 UTC
5105809,Tarris Reed Jr.,SAS,C,23.0,0.0,,https://a.espncdn.com/i/headshots/nba/players/full/5105809.png,2026-09-22 22:08 UTC
4395630,Devin Vassell,SAS,G,26.0,6.0,24,https://a.espncdn.com/i/headshots/nba/players/full/4395630.png,2026-09-22 22:08 UTC
5104157,Victor Wembanyama,SAS,F,22.0,3.0,1,https://a.espncdn.com/i/headshots/nba/players/full/5104157.png,2026-09-22 22:08 UTC
2993874,Kyle Anderson,TOR,F,33.0,12.0,,https://a.espncdn.com/i/headshots/nba/players/full/2993874.png,2026-09-22 22:08 UTC
4433134,Scottie Barnes,TOR,F,25.0,5.0,4,https://a.espncdn.com/i/headshots/nba/players/full/4433134.png,2026-09-22 22:08 UTC
4395625,RJ Barrett,TOR,F,26.0,7.0,9,https://a.espncdn.com/i/headshots/nba/players/full/4395625.png,2026-09-22 22:08 UTC
4431893,Jamison Battle,TOR,F,25.0,2.0,77,https://a.espncdn.com/i/headshots/nba/players/full/4431893.png,2026-09-22 22:08 UTC
4432586,Nate Bittle,TOR,C,23.0,0.0,,,2026-09-22 22:08 UTC
4432737,Jaden Bradley,TOR,G,23.0,0.0,,https://a.espncdn.com/i/headshots/nba/players/full/4432737.png,2026-09-22 22:08 UTC
5149115,Allen Graves,TOR,F,20.0,0.0,,https://a.espncdn.com/i/headshots/nba/players/full/5149115.png,2026-09-22 22:08 UTC
4590360,Chucky Hepburn,TOR,G,23.0,1.0,24,https://a.espncdn.com/i/headshots/nba/players/full/4590360.png,2026-09-22 22:08 UTC
4432190,Andre Jackson Jr.,TOR,G,24.0,3.0,44,https://a.espncdn.com/i/headshots/nba/players/full/4432190.png,2026-09-22 22:08 UTC
4431684,Trayce Jackson-Davis,TOR,F,26.0,3.0,32,https://a.espncdn.com/i/headshots/nba/players/full/4431684.png,2026-09-22 22:08 UTC
4395623,Trey Jemison III,TOR,C,26.0,3.0,,https://a.espncdn.com/i/headshots/nba/players/full/4395623.png,2026-09-22 22:08 UTC
4067017,A.J. Lawson,TOR,G,26.0,4.0,0,https://a.espncdn.com/i/headshots/nba/players/full/4067017.png,2026-09-22 22:08 UTC
6450,Kawhi Leonard,TOR,F,35.0,15.0,2,https://a.espncdn.com/i/headshots/nba/players/full/6450.png,2026-09-22 22:08 UTC
4702656,Alijah Martin,TOR,G,24.0,1.0,55,https://a.espncdn.com/i/headshots/nba/players/full/4702656.png,2026-09-22 22:08 UTC
5093267,Collin Murray-Boyles,TOR,F,21.0,1.0,30,https://a.espncdn.com/i/headshots/nba/players/full/5093267.png,2026-09-22 22:08 UTC
3134908,Jakob Poeltl,TOR,C,30.0,10.0,19,https://a.espncdn.com/i/headshots/nba/players/full/3134908.png,2026-09-22 22:08 UTC
4395724,Immanuel Quickley,TOR,G,27.0,6.0,5,https://a.espncdn.com/i/headshots/nba/players/full/4395724.png,2026-09-22 22:08 UTC
4432241,Jamal Shead,TOR,G,24.0,2.0,23,https://a.espncdn.com/i/headshots/nba/players/full/4432241.png,2026-09-22 22:08 UTC
4684272,Ja'Kobe Walter,TOR,G,22.0,2.0,14,https://a.espncdn.com/i/headshots/nba/players/full/4684272.png,2026-09-22 22:08 UTC
4433268,Trey Alexander,UTA,G,23.0,2.0,23,https://a.espncdn.com/i/headshots/nba/players/full/4433268.png,2026-09-22 22:08 UTC
4873138,Ace Bailey,UTA,G,20.0,1.0,19,https://a.espncdn.com/i/headshots/nba/players/full/4873138.png,2026-09-22 22:08 UTC
4277919,Mo Bamba,UTA,C,28.0,8.0,11,https://a.espncdn.com/i/headshots/nba/players/full/4277919.png,2026-09-22 22:08 UTC
4683933,Tamar Bates,UTA,G,23.0,0.0,,https://a.espncdn.com/i/headshots/nba/players/full/4683933.png,2026-09-22 22:08 UTC
4683766,Isaiah Collier,UTA,G,21.0,2.0,8,https://a.espncdn.com/i/headshots/nba/players/full/4683766.png,2026-09-22 22:08 UTC
4684793,Kyle Filipowski,UTA,F,22.0,2.0,22,https://a.espncdn.com/i/headshots/nba/players/full/4684793.png,2026-09-22 22:08 UTC
4433627,Keyonte George,UTA,G,22.0,3.0,3,https://a.espncdn.com/i/headshots/nba/players/full/4433627.png,2026-09-22 22:08 UTC
4432811,Josh Green,UTA,G,25.0,6.0,,https://a.espncdn.com/i/headshots/nba/players/full/4432811.png,2026-09-22 22:08 UTC
4397077,Jaxson Hayes,UTA,C,26.0,7.0,,https://a.espncdn.com/i/headshots/nba/players/full/4397077.png,2026-09-22 22:08 UTC
4396963,Blake Hinson,UTA,F,26.0,1.0,2,https://a.espncdn.com/i/headshots/nba/players/full/4396963.png,2026-09-22 22:08 UTC
4277961,Jaren Jackson Jr.,UTA,F,27.0,8.0,20,https://a.espncdn.com/i/headshots/nba/players/full/4277961.png,2026-09-22 22:08 UTC
4066336,Lauri Markkanen,UTA,F,29.0,9.0,23,https://a.espncdn.com/i/headshots/nba/players/full/4066336.png,2026-09-22 22:08 UTC
4898237,Bez Mbeng,UTA,G,24.0,1.0,21,,2026-09-22 22:08 UTC
3133602,Svi Mykhailiuk,UTA,G,29.0,8.0,10,https://a.espncdn.com/i/headshots/nba/players/full/3133602.png,2026-09-22 22:08 UTC
3102530,Jusuf Nurkic,UTA,C,32.0,12.0,30,https://a.espncdn.com/i/headshots/nba/players/full/3102530.png,2026-09-22 22:08 UTC
4065663,Josh Okogie,UTA,G,28.0,8.0,,https://a.espncdn.com/i/headshots/nba/players/full/4065663.png,2026-09-22 22:08 UTC
5041955,Darryn Peterson,UTA,G,19.0,0.0,22,https://a.espncdn.com/i/headshots/nba/players/full/5041955.png,2026-09-22 22:08 UTC
5105839,Brice Sensabaugh,UTA,F,22.0,3.0,28,https://a.espncdn.com/i/headshots/nba/players/full/5105839.png,2026-09-22 22:08 UTC
4432827,Oscar Tshiebwe,UTA,C,26.0,3.0,34,https://a.espncdn.com/i/headshots/nba/players/full/4432827.png,2026-09-22 22:08 UTC
4278129,Deandre Ayton,WAS,C,28.0,8.0,,https://a.espncdn.com/i/headshots/nba/players/full/4278129.png,2026-09-22 22:08 UTC
4845374,Bub Carrington,WAS,G,21.0,2.0,7,https://a.espncdn.com/i/headshots/nba/players/full/4845374.png,2026-09-22 22:08 UTC
4432907,Justin Champagnie,WAS,F,25.0,5.0,9,https://a.espncdn.com/i/headshots/nba/players/full/4432907.png,2026-09-22 22:08 UTC
4432173,Sharife Cooper,WAS,G,25.0,2.0,13,https://a.espncdn.com/i/headshots/nba/players/full/4432173.png,2026-09-22 22:08 UTC
5104155,Bilal Coulibaly,WAS,G,22.0,3.0,0,https://a.espncdn.com/i/headshots/nba/players/full/5104155.png,2026-09-22 22:08 UTC
6583,Anthony Davis,WAS,F,33.0,14.0,23,https://a.espncdn.com/i/headshots/nba/players/full/6583.png,2026-09-22 22:08 UTC
5142718,AJ Dybantsa,WAS,F,19.0,0.0,4,https://a.espncdn.com/i/headshots/nba/players/full/5142718.png,2026-09-22 22:08 UTC
5174563,Kyshawn George,WAS,F,22.0,2.0,18,https://a.espncdn.com/i/headshots/nba/players/full/5174563.png,2026-09-22 22:08 UTC
2581184,Anthony Gill,WAS,F,33.0,6.0,16,https://a.espncdn.com/i/headshots/nba/players/full/2581184.png,2026-09-22 22:08 UTC
5238230,Tre Johnson,WAS,G,20.0,1.0,12,https://a.espncdn.com/i/headshots/nba/players/full/5238230.png,2026-09-22 22:08 UTC
4432819,Tre Mann,WAS,G,25.0,6.0,,https://a.espncdn.com/i/headshots/nba/players/full/4432819.png,2026-09-22 22:08 UTC
6609,Khris Middleton,WAS,F,35.0,14.0,22,https://a.espncdn.com/i/headshots/nba/players/full/6609.png,2026-09-22 22:08 UTC
5105841,Felix Okpara,WAS,F,22.0,0.0,,https://a.espncdn.com/i/headshots/nba/players/full/5105841.png,2026-09-22 22:08 UTC
5144126,Will Riley,WAS,G,20.0,1.0,27,https://a.espncdn.com/i/headshots/nba/players/full/5144126.png,2026-09-22 22:08 UTC
5160992,Alex Sarr,WAS,C,21.0,2.0,20,https://a.espncdn.com/i/headshots/nba/players/full/5160992.png,2026-09-22 22:08 UTC
4997537,Tristan Vukcevic,WAS,F,23.0,3.0,00,https://a.espncdn.com/i/headshots/nba/players/full/4997537.png,2026-09-22 22:08 UTC
4606840,Jamir Watkins,WAS,G,25.0,1.0,5,https://a.espncdn.com/i/headshots/nba/players/full/4606840.png,2026-09-22 22:08 UTC
4277905,Trae Young,WAS,G,28.0,8.0,3,https://a.espncdn.com/i/headshots/nba/players/full/4277905.png,2026-09-22 22:08 UTC
