game_id,date,home_team,away_team,home_score,away_score,home_win
0022500002,2025-10-21,LAL,GSW,109,119,0
0022500001,2025-10-21,OKC,HOU,125,124,1
0022500003,2025-10-22,NYK,CLE,119,111,1
0022500086,2025-10-22,MIL,WAS,133,120,1
0022500087,2025-10-22,UTA,LAC,129,108,1
0022500085,2025-10-22,MEM,NOP,128,122,1
0022500084,2025-10-22,CHI,DET,115,111,1
0022500089,2025-10-22,POR,MIN,114,118,0
0022500080,2025-10-22,CHA,BKN,136,117,1
0022500088,2025-10-22,PHX,SAC,120,116,1
0022500082,2025-10-22,ATL,TOR,118,138,0
0022500083,2025-10-22,BOS,PHI,116,117,0
0022500004,2025-10-22,DAL,SAS,92,125,0
0022500081,2025-10-22,ORL,MIA,125,121,1
0022500005,2025-10-23,IND,OKC,135,141,0
0022500006,2025-10-23,GSW,DEN,137,131,1
0022500018,2025-10-24,NYK,BOS,105,95,1
0022500097,2025-10-24,POR,GSW,139,119,1
0022500091,2025-10-24,BKN,CLE,124,131,0
0022500094,2025-10-24,MEM,MIA,114,146,0
0022500093,2025-10-24,HOU,DET,111,115,0
0022500090,2025-10-24,ORL,ATL,107,111,0
0022500098,2025-10-24,SAC,UTA,105,104,1
0022500096,2025-10-24,DAL,WAS,107,117,0
0022500092,2025-10-24,TOR,MIL,116,122,0
0022500019,2025-10-24,LAL,MIN,128,110,1
0022500099,2025-10-24,LAC,PHX,129,102,1
0022500095,2025-10-24,NOP,SAS,116,120,0
0022500102,2025-10-25,PHI,CHA,125,121,1
0022500101,2025-10-25,ATL,OKC,100,117,0
0022500103,2025-10-25,MEM,IND,128,103,1
0022500100,2025-10-25,ORL,CHI,98,110,0
0022500104,2025-10-25,DEN,PHX,133,111,1
0022500109,2025-10-26,WAS,CHA,113,139,0
0022500105,2025-10-26,SAS,BKN,118,107,1
0022500112,2025-10-26,LAC,POR,114,107,1
0022500107,2025-10-26,CLE,MIL,118,113,1
0022500108,2025-10-26,MIA,NYK,115,107,1
0022500111,2025-10-26,DAL,TOR,139,129,1
0022500113,2025-10-26,SAC,LAL,120,127,0
0022500106,2025-10-26,DET,BOS,119,113,1
0022500110,2025-10-26,MIN,IND,114,110,1
0022500122,2025-10-27,LAL,POR,108,122,0
0022500115,2025-10-27,CHI,ATL,128,123,1
0022500117,2025-10-27,NOP,BOS,90,122,0
0022500008,2025-10-27,MIN,DEN,114,127,0
0022500121,2025-10-27,GSW,MEM,131,118,1
0022500119,2025-10-27,DAL,OKC,94,101,0
0022500116,2025-10-27,HOU,BKN,137,109,1
0022500120,2025-10-27,UTA,PHX,138,134,1
0022500007,2025-10-27,DET,CLE,95,116,0
0022500114,2025-10-27,PHI,ORL,136,124,1
0022500118,2025-10-27,SAS,TOR,121,103,1
0022500126,2025-10-28,OKC,SAC,107,101,1
0022500123,2025-10-28,WAS,PHI,134,139,0
0022500127,2025-10-28,GSW,LAC,98,79,1
0022500125,2025-10-28,MIL,NYK,121,111,1
0022500124,2025-10-28,MIA,CHA,144,117,1
0022500136,2025-10-29,MIN,LAL,115,116,0
0022500132,2025-10-29,CHI,SAC,126,113,1
0022500129,2025-10-29,DET,ORL,135,116,1
0022500135,2025-10-29,UTA,POR,134,136,0
0022500134,2025-10-29,DEN,NOP,122,88,1
0022500128,2025-10-29,BOS,CLE,125,105,1
0022500130,2025-10-29,BKN,ATL,112,117,0
0022500137,2025-10-29,PHX,MEM,113,114,0
0022500131,2025-10-29,TOR,HOU,121,139,0
0022500133,2025-10-29,DAL,IND,107,105,1
0022500140,2025-10-30,OKC,WAS,127,108,1
0022500141,2025-10-30,SAS,MIA,107,101,1
0022500138,2025-10-30,CHA,ORL,107,123,0
0022500139,2025-10-30,MIL,GSW,120,110,1
0022500021,2025-10-31,PHI,BOS,108,109,0
0022500022,2025-10-31,CLE,TOR,101,112,0
0022500024,2025-10-31,MEM,LAL,112,117,0
0022500026,2025-10-31,POR,DEN,109,107,1
0022500023,2025-10-31,CHI,NYK,135,125,1
0022500027,2025-10-31,LAC,NOP,126,124,1
0022500025,2025-10-31,PHX,UTA,118,96,1
0022500020,2025-10-31,IND,ATL,108,128,0
0022500143,2025-11-01,CHA,MIN,105,122,0
0022500145,2025-11-01,WAS,ORL,94,125,0
0022500142,2025-11-01,MIL,SAC,133,135,0
0022500146,2025-11-01,BOS,HOU,101,128,0
0022500144,2025-11-01,IND,GSW,114,109,1
0022500151,2025-11-02,CLE,ATL,117,109,1
0022500154,2025-11-02,PHX,SAS,130,118,1
0022500153,2025-11-02,NYK,CHI,128,116,1
0022500150,2025-11-02,CHA,UTA,126,103,1
0022500149,2025-11-02,BKN,PHI,105,129,0
0022500155,2025-11-02,LAL,MIA,130,120,1
0022500148,2025-11-02,OKC,NOP,137,106,1
0022500152,2025-11-02,TOR,MEM,117,104,1
0022500159,2025-11-03,NYK,WAS,119,102,1
0022500164,2025-11-03,LAC,MIA,119,120,0
0022500160,2025-11-03,HOU,DAL,110,102,1
0022500156,2025-11-03,BKN,MIN,109,125,0
0022500162,2025-11-03,DEN,SAC,130,124,1
0022500157,2025-11-03,IND,MIL,115,117,0
0022500163,2025-11-03,POR,LAL,115,123,0
0022500158,2025-11-03,BOS,UTA,103,105,0
0022500161,2025-11-03,MEM,DET,106,114,0
0022500168,2025-11-04,NOP,CHA,116,112,1
0022500166,2025-11-04,ATL,ORL,127,112,1
0022500167,2025-11-04,CHI,PHI,113,111,1
0022500169,2025-11-04,GSW,PHX,118,107,1
0022500165,2025-11-04,TOR,MIL,128,100,1
0022500170,2025-11-04,LAC,OKC,107,126,0
0022500179,2025-11-05,LAL,SAS,118,116,1
0022500172,2025-11-05,DET,UTA,114,103,1
0022500173,2025-11-05,IND,BKN,103,112,0
0022500181,2025-11-05,SAC,GSW,121,116,1
0022500178,2025-11-05,DEN,MIA,122,112,1
0022500177,2025-11-05,DAL,NOP,99,101,0
0022500174,2025-11-05,BOS,WAS,136,107,1
0022500176,2025-11-05,MEM,HOU,109,124,0
0022500180,2025-11-05,POR,OKC,121,119,1
0022500171,2025-11-05,CLE,PHI,132,121,1
0022500175,2025-11-05,NYK,MIN,137,114,1
0022500182,2025-11-06,PHX,LAC,115,102,1
0022500036,2025-11-07,MIN,UTA,137,97,1
0022500038,2025-11-07,SAC,OKC,101,132,0
0022500037,2025-11-07,DEN,GSW,129,104,1
0022500032,2025-11-07,SAS,HOU,121,110,1
0022500033,2025-11-07,MIA,CHA,126,108,1
0022500034,2025-11-07,MEM,DAL,118,104,1
0022500031,2025-11-07,BKN,DET,107,125,0
0022500029,2025-11-07,WAS,CLE,115,148,0
0022500028,2025-11-07,ORL,BOS,123,110,1
0022500030,2025-11-07,ATL,TOR,97,109,0
0022500035,2025-11-07,MIL,CHI,126,110,1
0022500189,2025-11-08,DEN,IND,117,100,1
0022500183,2025-11-08,WAS,DAL,105,111,0
0022500187,2025-11-08,MIA,POR,136,131,1
0022500185,2025-11-08,ATL,LAL,122,102,1
0022500190,2025-11-08,LAC,PHX,103,114,0
0022500188,2025-11-08,SAS,NOP,126,119,1
0022500186,2025-11-08,CLE,CHI,128,122,1
0022500184,2025-11-08,PHI,TOR,130,120,1
0022500197,2025-11-09,SAC,MIN,117,144,0
0022500196,2025-11-09,GSW,IND,114,83,1
0022500193,2025-11-09,ORL,BOS,107,111,0
0022500191,2025-11-09,MIL,HOU,115,122,0
0022500192,2025-11-09,NYK,BKN,134,98,1
0022500195,2025-11-09,PHI,DET,108,111,0
0022500194,2025-11-09,MEM,OKC,100,114,0
0022500200,2025-11-10,ORL,POR,115,112,1
0022500198,2025-11-10,CHA,LAL,111,121,0
0022500203,2025-11-10,DAL,MIL,114,116,0
0022500199,2025-11-10,DET,WAS,137,135,1
0022500204,2025-11-10,PHX,NOP,121,98,1
0022500205,2025-11-10,UTA,MIN,113,120,0
0022500201,2025-11-10,MIA,CLE,140,138,1
0022500206,2025-11-10,LAC,ATL,102,105,0
0022500202,2025-11-10,CHI,SAS,117,121,0
0022500210,2025-11-11,OKC,GSW,126,102,1
0022500207,2025-11-11,BKN,TOR,109,119,0
0022500212,2025-11-11,SAC,DEN,108,122,0
0022500208,2025-11-11,NYK,MEM,133,120,1
0022500211,2025-11-11,UTA,IND,152,128,1
0022500209,2025-11-11,PHI,BOS,102,100,1
0022500220,2025-11-12,SAS,GSW,120,125,0
0022500215,2025-11-12,NYK,ORL,107,124,0
0022500218,2025-11-12,HOU,WAS,135,112,1
0022500223,2025-11-12,SAC,ATL,100,133,0
0022500222,2025-11-12,OKC,LAL,121,92,1
0022500213,2025-11-12,CHA,MIL,111,100,1
0022500214,2025-11-12,DET,CHI,124,113,1
0022500224,2025-11-12,LAC,DEN,116,130,0
0022500216,2025-11-12,BOS,MEM,131,95,1
0022500219,2025-11-12,NOP,POR,117,125,0
0022500221,2025-11-12,DAL,PHX,114,123,0
0022500217,2025-11-12,MIA,CLE,116,130,0
0022500225,2025-11-13,CLE,TOR,113,126,0
0022500226,2025-11-13,PHX,IND,133,98,1
0022500227,2025-11-13,UTA,ATL,122,132,0
0022500044,2025-11-14,MIN,SAC,124,110,1
0022500041,2025-11-14,DET,PHI,114,105,1
0022500042,2025-11-14,HOU,POR,140,116,1
0022500046,2025-11-14,DAL,LAC,127,133,0
0022500043,2025-11-14,MIL,CHA,147,134,1
0022500047,2025-11-14,SAS,GSW,108,109,0
0022500045,2025-11-14,NOP,LAL,104,118,0
0022500039,2025-11-14,NYK,MIA,140,132,1
0022500040,2025-11-14,ORL,BKN,105,98,1
0022500231,2025-11-15,MIL,LAL,95,119,0
0022500228,2025-11-15,CLE,MEM,108,100,1
0022500232,2025-11-15,MIN,DEN,112,123,0
0022500230,2025-11-15,IND,TOR,111,129,0
0022500229,2025-11-15,CHA,OKC,96,109,0
0022500233,2025-11-16,BOS,LAC,121,118,1
0022500238,2025-11-16,DAL,POR,138,133,1
0022500240,2025-11-16,UTA,CHI,150,147,1
0022500234,2025-11-16,SAS,SAC,123,110,1
0022500236,2025-11-16,HOU,ORL,117,113,1
0022500237,2025-11-16,NOP,GSW,106,124,0
0022500235,2025-11-16,WAS,BKN,106,129,0
0022500239,2025-11-16,PHX,ATL,122,124,0
0022500247,2025-11-17,NOP,OKC,109,126,0
0022500245,2025-11-17,TOR,CHA,110,108,1
0022500248,2025-11-17,DEN,CHI,127,130,0
0022500246,2025-11-17,MIN,DAL,120,96,1
0022500244,2025-11-17,MIA,NYK,115,113,1
0022500243,2025-11-17,PHI,LAC,110,108,1
0022500242,2025-11-17,DET,IND,127,112,1
0022500241,2025-11-17,CLE,MIL,118,106,1
0022500250,2025-11-18,BKN,BOS,99,113,0
0022500249,2025-11-18,ORL,GSW,121,113,1
0022500253,2025-11-18,LAL,UTA,140,126,1
0022500252,2025-11-18,SAS,MEM,111,101,1
0022500254,2025-11-18,POR,PHX,110,127,0
0022500251,2025-11-18,ATL,DET,112,120,0
0022500256,2025-11-19,IND,CHA,127,118,1
0022500257,2025-11-19,MIA,GSW,110,96,1
0022500261,2025-11-19,OKC,SAC,113,99,1
0022500259,2025-11-19,MIN,WAS,120,109,1
0022500255,2025-11-19,CLE,HOU,104,114,0
0022500258,2025-11-19,PHI,TOR,112,121,0
0022500262,2025-11-19,DAL,NYK,111,113,0
0022500263,2025-11-19,POR,CHI,121,122,0
0022500260,2025-11-19,NOP,DEN,118,125,0
0022500267,2025-11-20,SAS,ATL,135,126,1
0022500264,2025-11-20,ORL,LAC,129,101,1
0022500266,2025-11-20,MIL,PHI,114,123,0
0022500265,2025-11-20,MEM,SAC,137,96,1
0022500056,2025-11-21,GSW,POR,123,127,0
0022500050,2025-11-21,TOR,WAS,140,110,1
0022500052,2025-11-21,DAL,NOP,118,115,1
0022500049,2025-11-21,BOS,BKN,105,113,0
0022500053,2025-11-21,PHX,MIN,114,113,1
0022500051,2025-11-21,CHI,MIA,107,143,0
0022500048,2025-11-21,CLE,IND,120,109,1
0022500055,2025-11-21,UTA,OKC,112,144,0
0022500054,2025-11-21,HOU,DEN,109,112,0
0022500270,2025-11-22,NOP,ATL,98,115,0
0022500274,2025-11-22,DEN,SAC,123,128,0
0022500271,2025-11-22,CHI,WAS,121,120,1
0022500272,2025-11-22,MIL,DET,116,129,0
0022500273,2025-11-22,DAL,MEM,96,102,0
0022500268,2025-11-22,CHA,LAC,116,131,0
0022500269,2025-11-22,ORL,NYK,133,121,1
0022500280,2025-11-23,OKC,POR,122,95,1
0022500275,2025-11-23,PHI,MIA,117,127,0
0022500277,2025-11-23,BOS,ORL,138,129,1
0022500276,2025-11-23,ATL,CHA,113,110,1
0022500278,2025-11-23,CLE,LAC,120,105,1
0022500282,2025-11-23,UTA,LAL,106,108,0
0022500281,2025-11-23,PHX,SAS,111,102,1
0022500279,2025-11-23,TOR,BKN,119,109,1
0022500285,2025-11-24,BKN,NYK,100,113,0
0022500286,2025-11-24,MIA,DAL,106,102,1
0022500289,2025-11-24,NOP,CHI,143,130,1
0022500288,2025-11-24,MIL,POR,103,115,0
0022500283,2025-11-24,IND,DET,117,122,0
0022500291,2025-11-24,GSW,UTA,134,117,1
0022500290,2025-11-24,PHX,HOU,92,114,0
0022500292,2025-11-24,SAC,MIN,117,112,1
0022500284,2025-11-24,TOR,CLE,110,99,1
0022500287,2025-11-24,MEM,DEN,115,125,0
0022500057,2025-11-25,WAS,ATL,132,113,1
0022500058,2025-11-25,PHI,ORL,103,144,0
0022500059,2025-11-25,LAL,LAC,135,118,1
0022500067,2025-11-26,POR,SAS,102,115,0
0022500064,2025-11-26,OKC,MIN,113,105,1
0022500062,2025-11-26,MIA,MIL,106,103,1
0022500060,2025-11-26,BOS,DET,117,114,1
0022500066,2025-11-26,GSW,HOU,100,104,0
0022500065,2025-11-26,NOP,MEM,128,133,0
0022500068,2025-11-26,SAC,PHX,100,112,0
0022500061,2025-11-26,CHA,NYK,101,129,0
0022500063,2025-11-26,TOR,IND,97,95,1
0022500076,2025-11-28,DEN,SAS,136,139,0
0022500078,2025-11-28,LAL,DAL,129,119,1
0022500074,2025-11-28,NYK,MIL,118,109,1
0022500072,2025-11-28,DET,ORL,109,112,0
0022500075,2025-11-28,OKC,PHX,123,119,1
0022500079,2025-11-28,LAC,MEM,107,112,0
0022500069,2025-11-28,ATL,CLE,130,123,1
0022500070,2025-11-28,BKN,PHI,103,115,0
0022500071,2025-11-28,CHA,CHI,123,116,1
0022500077,2025-11-28,UTA,SAC,128,119,1
0022500073,2025-11-28,IND,WAS,119,86,1
0022500296,2025-11-29,MIA,DET,135,138,0
0022500300,2025-11-29,LAC,DAL,110,114,0
0022500294,2025-11-29,CHA,TOR,118,111,1
0022500295,2025-11-29,IND,CHI,103,101,1
0022500297,2025-11-29,MIL,BKN,116,99,1
0022500298,2025-11-29,GSW,NOP,104,96,1
0022500299,2025-11-29,PHX,DEN,112,130,0
0022500293,2025-11-29,MIN,BOS,119,115,1
0022500302,2025-11-30,CLE,BOS,115,117,0
0022500303,2025-11-30,NYK,TOR,116,94,1
0022500305,2025-11-30,POR,OKC,115,123,0
0022500306,2025-11-30,MIN,SAS,125,112,1
0022500304,2025-11-30,PHI,ATL,134,142,0
0022500307,2025-11-30,SAC,MEM,107,115,0
0022500308,2025-11-30,LAL,NOP,133,121,1
0022500301,2025-11-30,UTA,HOU,101,129,0
0022500309,2025-12-01,DET,ATL,99,98,1
0022500313,2025-12-01,MIA,LAC,140,123,1
0022500310,2025-12-01,IND,CLE,119,135,0
0022500316,2025-12-01,UTA,HOU,133,125,1
0022500315,2025-12-01,DEN,DAL,121,131,0
0022500314,2025-12-01,ORL,CHI,125,120,1
0022500317,2025-12-01,LAL,PHX,108,125,0
0022500312,2025-12-01,BKN,CHA,116,103,1
0022500311,2025-12-01,WAS,MIL,129,126,1
0022500319,2025-12-02,TOR,POR,121,118,1
0022500318,2025-12-02,PHI,WAS,121,102,1
0022500320,2025-12-02,BOS,NYK,123,117,1
0022500323,2025-12-02,GSW,OKC,112,124,0
0022500322,2025-12-02,SAS,MEM,126,119,1
0022500321,2025-12-02,NOP,MIN,142,149,0
0022500326,2025-12-03,ORL,SAS,112,114,0
0022500327,2025-12-03,ATL,LAC,92,115,0
0022500330,2025-12-03,HOU,SAC,121,95,1
0022500324,2025-12-03,CLE,POR,110,122,0
0022500329,2025-12-03,CHI,BKN,103,113,0
0022500325,2025-12-03,IND,DEN,120,135,0
0022500332,2025-12-03,DAL,MIA,118,108,1
0022500331,2025-12-03,MIL,DET,113,109,1
0022500328,2025-12-03,NYK,CHA,119,104,1
0022500337,2025-12-04,NOP,MIN,116,125,0
0022500334,2025-12-04,WAS,BOS,101,146,0
0022500335,2025-12-04,BKN,UTA,110,123,0
0022500336,2025-12-04,TOR,LAL,120,123,0
0022500333,2025-12-04,PHI,GSW,99,98,1
0022500340,2025-12-05,ATL,DEN,133,134,0
0022500341,2025-12-05,CLE,SAS,130,117,1
0022500346,2025-12-05,HOU,PHX,117,98,1
0022500343,2025-12-05,NYK,UTA,146,112,1
0022500345,2025-12-05,CHI,IND,105,120,0
0022500344,2025-12-05,TOR,CHA,86,111,0
0022500349,2025-12-05,OKC,DAL,132,111,1
0022500342,2025-12-05,DET,POR,122,116,1
0022500348,2025-12-05,MIL,PHI,101,116,0
0022500339,2025-12-05,ORL,MIA,106,105,1
0022500338,2025-12-05,BOS,LAL,126,105,1
0022500347,2025-12-05,MEM,LAC,107,98,1
0022500353,2025-12-06,DET,MIL,124,112,1
0022500354,2025-12-06,MIA,SAC,111,127,0
0022500356,2025-12-06,DAL,HOU,122,109,1
0022500352,2025-12-06,CLE,GSW,94,99,0
0022500355,2025-12-06,MIN,LAC,109,106,1
0022500350,2025-12-06,BKN,NOP,119,101,1
0022500351,2025-12-06,WAS,ATL,116,131,0
0022500357,2025-12-07,NYK,ORL,106,100,1
0022500360,2025-12-07,MEM,POR,119,96,1
0022500358,2025-12-07,TOR,BOS,113,121,0
0022500361,2025-12-07,CHI,GSW,91,123,0
0022500363,2025-12-07,UTA,OKC,101,131,0
0022500362,2025-12-07,PHI,LAL,108,112,0
0022500359,2025-12-07,CHA,DEN,106,115,0
0022500364,2025-12-08,IND,SAC,116,105,1
0022500365,2025-12-08,MIN,PHX,105,108,0
0022500366,2025-12-08,NOP,SAS,132,135,0
0022501202,2025-12-09,TOR,NYK,101,117,0
0022501201,2025-12-09,ORL,MIA,117,108,1
0022501204,2025-12-10,LAL,SAS,119,132,0
0022501203,2025-12-10,OKC,PHX,138,89,1
0022501208,2025-12-11,SAC,DEN,105,136,0
0022501207,2025-12-11,NOP,POR,143,120,1
0022501206,2025-12-11,MIL,BOS,116,101,1
0022501205,2025-12-11,HOU,LAC,115,113,1
0022501215,2025-12-12,GSW,MIN,120,127,0
0022501214,2025-12-12,DAL,BKN,119,111,1
0022501212,2025-12-12,WAS,CLE,126,130,0
0022501213,2025-12-12,MEM,UTA,126,130,0
0022501209,2025-12-12,CHA,CHI,126,129,0
0022501210,2025-12-12,DET,ATL,142,115,1
0022501211,2025-12-12,PHI,IND,115,105,1
0022501221,2025-12-14,POR,GSW,136,131,1
0022501228,2025-12-14,PHX,LAL,114,116,0
0022501216,2025-12-14,IND,WAS,89,108,0
0022501223,2025-12-14,CHI,NOP,104,114,0
0022501220,2025-12-14,MIN,SAC,117,103,1
0022501218,2025-12-14,CLE,CHA,111,119,0
0022501219,2025-12-14,BKN,MIL,127,82,1
0022501217,2025-12-14,ATL,PHI,120,117,1
0022501222,2025-12-15,BOS,DET,105,112,0
0022501224,2025-12-15,UTA,DAL,140,133,1
0022501227,2025-12-15,MIA,TOR,96,106,0
0022501226,2025-12-15,LAC,MEM,103,121,0
0022501225,2025-12-15,DEN,HOU,128,125,1
0022500368,2025-12-17,MIN,MEM,110,116,0
0022500367,2025-12-17,CHI,CLE,127,111,1
0022500373,2025-12-18,BKN,MIA,95,106,0
0022500379,2025-12-18,UTA,LAL,135,143,0
0022500369,2025-12-18,OKC,LAC,122,101,1
0022500376,2025-12-18,DAL,DET,116,114,1
0022500371,2025-12-18,CHA,ATL,133,126,1
0022500377,2025-12-18,DEN,ORL,126,115,1
0022500374,2025-12-18,MIL,TOR,105,111,0
0022500378,2025-12-18,PHX,GSW,99,98,1
0022500380,2025-12-18,POR,SAC,134,133,1
0022500370,2025-12-18,SAS,WAS,119,94,1
0022500375,2025-12-18,NOP,HOU,133,128,1
0022500372,2025-12-18,IND,NYK,113,114,0
0022500382,2025-12-19,NYK,PHI,107,116,0
0022500381,2025-12-19,BOS,MIA,129,116,1
0022500385,2025-12-19,MIN,OKC,112,107,1
0022500383,2025-12-19,ATL,SAS,98,126,0
0022500384,2025-12-19,CLE,CHI,125,136,0
0022500386,2025-12-20,DEN,HOU,101,115,0
0022500388,2025-12-20,TOR,BOS,96,112,0
0022500394,2025-12-20,SAC,POR,93,98,0
0022500393,2025-12-20,UTA,ORL,127,128,0
0022500389,2025-12-20,NOP,IND,128,109,1
0022500390,2025-12-20,DET,CHA,112,86,1
0022500387,2025-12-20,PHI,DAL,121,114,1
0022500391,2025-12-20,MEM,WAS,122,130,0
0022500395,2025-12-20,LAC,LAL,103,88,1
0022500392,2025-12-20,GSW,PHX,119,116,1
0022500396,2025-12-21,ATL,CHI,150,152,0
0022500399,2025-12-21,WAS,SAS,113,124,0
0022500400,2025-12-21,MIN,MIL,103,100,1
0022500398,2025-12-21,NYK,MIA,132,125,1
0022500401,2025-12-21,SAC,HOU,125,124,1
0022500397,2025-12-21,BKN,TOR,96,81,1
0022500405,2025-12-22,DEN,UTA,135,112,1
0022500408,2025-12-22,POR,DET,102,110,0
0022500404,2025-12-22,NOP,DAL,119,113,1
0022500403,2025-12-22,BOS,IND,103,95,1
0022500407,2025-12-22,GSW,ORL,120,97,1
0022500402,2025-12-22,CLE,CHA,139,132,1
0022500406,2025-12-22,OKC,MEM,119,103,1
0022500409,2025-12-23,CHA,WAS,126,109,1
0022500410,2025-12-23,PHI,BKN,106,114,0
0022500414,2025-12-23,MIA,TOR,91,112,0
0022500418,2025-12-23,PHX,LAL,132,108,1
0022500411,2025-12-23,ATL,CHI,123,126,0
0022500419,2025-12-23,UTA,MEM,128,137,0
0022500412,2025-12-23,CLE,NOP,141,118,1
0022500416,2025-12-23,MIN,NYK,115,104,1
0022500415,2025-12-23,DAL,DEN,131,130,1
0022500417,2025-12-23,SAS,OKC,130,110,1
0022500422,2025-12-23,LAC,HOU,128,108,1
0022500413,2025-12-23,IND,MIL,94,111,0
0022500421,2025-12-23,SAC,DET,127,136,0
0022500420,2025-12-23,POR,ORL,106,110,0
0022500009,2025-12-25,NYK,CLE,126,124,1
0022500013,2025-12-25,DEN,MIN,142,138,1
0022500012,2025-12-25,LAL,HOU,96,119,0
0022500011,2025-12-25,GSW,DAL,126,116,1
0022500010,2025-12-25,OKC,SAS,102,117,0
0022500426,2025-12-26,IND,BOS,122,140,0
0022500423,2025-12-26,ATL,MIA,111,126,0
0022500428,2025-12-26,MEM,MIL,125,104,1
0022500424,2025-12-26,ORL,CHA,105,120,0
0022500427,2025-12-26,CHI,PHI,109,102,1
0022500429,2025-12-26,NOP,PHX,108,115,0
0022500425,2025-12-26,WAS,TOR,138,117,1
0022500431,2025-12-26,POR,LAC,103,119,0
0022500430,2025-12-26,UTA,DET,131,129,1
0022500438,2025-12-27,HOU,CLE,117,100,1
0022500436,2025-12-27,MIA,IND,142,116,1
0022500435,2025-12-27,ATL,NYK,125,128,0
0022500434,2025-12-27,NOP,PHX,114,123,0
0022500439,2025-12-27,MIN,BKN,107,123,0
0022500433,2025-12-27,ORL,DEN,127,126,1
0022500440,2025-12-27,SAS,UTA,114,127,0
0022500437,2025-12-27,CHI,MIL,103,112,0
0022500432,2025-12-27,SAC,DAL,113,107,1
0022500445,2025-12-28,LAC,DET,112,99,1
0022500442,2025-12-28,OKC,PHI,129,104,1
0022500443,2025-12-28,WAS,MEM,116,112,1
0022500441,2025-12-28,TOR,GSW,141,127,1
0022500444,2025-12-28,POR,BOS,114,108,1
0022500446,2025-12-28,LAL,SAC,125,101,1
0022500452,2025-12-29,CHI,MIN,101,136,0
0022500448,2025-12-29,WAS,PHX,101,115,0
0022500454,2025-12-29,NOP,NYK,125,130,0
0022500457,2025-12-29,POR,DAL,125,122,1
0022500447,2025-12-29,CHA,MIL,113,123,0
0022500451,2025-12-29,TOR,ORL,107,106,1
0022500453,2025-12-29,HOU,IND,126,119,1
0022500449,2025-12-29,BKN,GSW,107,120,0
0022500456,2025-12-29,SAS,CLE,101,113,0
0022500450,2025-12-29,MIA,DEN,147,123,1
0022500455,2025-12-29,OKC,ATL,140,129,1
0022500458,2025-12-30,MEM,PHI,136,139,0
0022500461,2025-12-30,LAC,SAC,131,90,1
0022500460,2025-12-30,LAL,DET,106,128,0
0022500459,2025-12-30,UTA,BOS,119,129,0
0022500464,2025-12-31,IND,ORL,110,112,0
0022500462,2025-12-31,CHA,GSW,125,132,0
0022500469,2025-12-31,MIL,WAS,113,114,0
0022500468,2025-12-31,TOR,DEN,103,106,0
0022500465,2025-12-31,CLE,PHX,129,113,1
0022500470,2025-12-31,OKC,POR,124,95,1
0022500467,2025-12-31,SAS,NYK,134,132,1
0022500463,2025-12-31,ATL,MIN,126,102,1
0022500466,2025-12-31,CHI,NOP,134,118,1
0022500475,2026-01-01,LAC,UTA,118,101,1
0022500473,2026-01-01,DAL,PHI,108,123,0
0022500474,2026-01-01,SAC,BOS,106,120,0
0022500471,2026-01-01,BKN,HOU,96,120,0
0022500472,2026-01-01,DET,MIA,112,118,0
0022500476,2026-01-02,IND,SAS,113,123,0
0022500480,2026-01-02,CHI,ORL,121,114,1
0022500481,2026-01-02,MIL,CHA,122,121,1
0022500477,2026-01-02,WAS,BKN,119,99,1
0022500485,2026-01-02,LAL,MEM,128,121,1
0022500483,2026-01-02,PHX,SAC,129,102,1
0022500484,2026-01-02,GSW,OKC,94,131,0
0022500478,2026-01-02,CLE,DEN,113,108,1
0022500479,2026-01-02,NYK,ATL,99,111,0
0022500482,2026-01-02,NOP,POR,109,122,0
0022500490,2026-01-03,SAS,POR,110,115,0
0022500488,2026-01-03,TOR,ATL,134,117,1
0022500491,2026-01-03,DAL,HOU,110,104,1
0022500486,2026-01-03,MIA,MIN,115,125,0
0022500487,2026-01-03,NYK,PHI,119,130,0
0022500493,2026-01-03,LAC,BOS,115,146,0
0022500489,2026-01-03,CHI,CHA,99,112,0
0022500492,2026-01-03,GSW,UTA,123,114,1
0022500497,2026-01-04,MIA,NOP,125,106,1
0022500501,2026-01-04,LAL,MEM,120,114,1
0022500500,2026-01-04,SAC,MIL,98,115,0
0022500499,2026-01-04,PHX,OKC,108,105,1
0022500494,2026-01-04,CLE,DET,110,114,0
0022500496,2026-01-04,BKN,DEN,127,115,1
0022500495,2026-01-04,ORL,IND,135,127,1
0022500498,2026-01-04,WAS,MIN,115,141,0
0022500506,2026-01-05,OKC,CHA,97,124,0
0022500503,2026-01-05,BOS,CHI,115,101,1
0022500508,2026-01-05,LAC,GSW,103,102,1
0022500505,2026-01-05,HOU,PHX,100,97,1
0022500507,2026-01-05,PHI,DEN,124,125,0
0022500509,2026-01-05,POR,UTA,137,117,1
0022500504,2026-01-05,TOR,ATL,118,100,1
0022500502,2026-01-05,DET,NYK,121,90,1
0022500510,2026-01-06,IND,CLE,116,120,0
0022500512,2026-01-06,MEM,SAS,106,105,1
0022500514,2026-01-06,NOP,LAL,103,111,0
0022500515,2026-01-06,SAC,DAL,98,100,0
0022500511,2026-01-06,WAS,ORL,120,112,1
0022500513,2026-01-06,MIN,MIA,122,94,1
0022500526,2026-01-07,GSW,MIL,120,113,1
0022500520,2026-01-07,BOS,DEN,110,114,0
0022500527,2026-01-07,POR,HOU,103,102,1
0022500518,2026-01-07,PHI,WAS,131,110,1
0022500521,2026-01-07,BKN,ORL,103,104,0
0022500524,2026-01-07,MEM,PHX,98,117,0
0022500519,2026-01-07,ATL,NOP,117,100,1
0022500525,2026-01-07,OKC,UTA,129,125,1
0022500523,2026-01-07,SAS,LAL,107,91,1
0022500517,2026-01-07,DET,CHI,108,93,1
0022500522,2026-01-07,NYK,LAC,123,111,1
0022500516,2026-01-07,CHA,TOR,96,97,0
0022500530,2026-01-08,MIN,CLE,131,122,1
0022500531,2026-01-08,UTA,DAL,116,114,1
0022500528,2026-01-08,CHA,IND,112,114,0
0022500532,2026-01-09,BOS,TOR,125,117,1
0022500539,2026-01-09,GSW,SAC,137,103,1
0022500540,2026-01-09,POR,HOU,111,105,1
0022500538,2026-01-09,PHX,NYK,112,107,1
0022500541,2026-01-09,LAL,MIL,101,105,0
0022500534,2026-01-09,WAS,NOP,107,128,0
0022500536,2026-01-09,MEM,OKC,116,117,0
0022500533,2026-01-09,ORL,PHI,91,103,0
0022500535,2026-01-09,BKN,LAC,105,121,0
0022500537,2026-01-09,DEN,ATL,87,110,0
0022500543,2026-01-10,IND,MIA,123,99,1
0022500544,2026-01-10,DET,LAC,92,98,0
0022500547,2026-01-10,UTA,CHA,95,150,0
0022500546,2026-01-10,CHI,DAL,125,107,1
0022500545,2026-01-10,BOS,SAS,95,100,0
0022500542,2026-01-10,CLE,MIN,146,134,1
0022500553,2026-01-11,OKC,MIA,124,112,1
0022500549,2026-01-11,MEM,BKN,103,98,1
0022500554,2026-01-11,DEN,MIL,108,104,1
0022500548,2026-01-11,ORL,NOP,128,118,1
0022500552,2026-01-11,MIN,SAS,104,103,1
0022500557,2026-01-11,SAC,HOU,111,98,1
0022500550,2026-01-11,TOR,PHI,116,115,1
0022500551,2026-01-11,POR,NYK,114,123,0
0022500555,2026-01-11,PHX,WAS,112,93,1
0022500556,2026-01-11,GSW,ATL,111,124,0
0022500562,2026-01-12,SAC,LAL,124,112,1
0022500558,2026-01-12,CLE,UTA,112,123,0
0022500560,2026-01-12,TOR,PHI,102,115,0
0022500559,2026-01-12,IND,BOS,98,96,1
0022500563,2026-01-12,LAC,CHA,117,109,1
0022500561,2026-01-12,DAL,BKN,113,105,1
